-20.0,    7.80
-19.9,    8.71
-19.8,    9.40
-19.7,    9.71
-19.6,   10.04
-19.4,    9.55
-19.3,    9.22
-19.2,    9.66
-19.1,    9.79
-19.0,   10.19
-18.9,   23.62
-18.8,    9.13
-18.7,    8.93
-18.6,    9.48
-18.4,    9.75
-18.3,    9.35
-18.2,    2.90
-18.1,    9.62
-18.0,    8.52
-17.9,    1.92
-17.8,   10.15
-17.7,   10.89
-17.6,   11.37
-17.4,   10.81
-17.3,   10.59
-17.2,   17.35
-17.1,   11.04
-17.0,   10.49
-16.9,   10.26
-16.8,   10.20
-16.7,   10.11
-16.5,   10.63
-16.4,   10.53
-16.3,    9.57
-16.2,    9.08
-16.1,    8.97
-16.0,    9.12
-15.9,    8.85
-15.8,    8.95
-15.7,    9.53
-15.5,    8.54
-15.4,    8.44
-15.3,    9.41
-15.2,    8.90
-15.1,    8.79
-15.0,    8.33
-14.9,    8.65
-14.8,    8.64
-14.7,    8.35
-14.5,    9.12
-14.4,    9.90
-14.3,    9.41
-14.2,    2.49
-14.1,    8.96
-14.0,    8.81
-13.9,    8.26
-13.8,    8.70
-13.7,    9.11
-13.5,    9.81
-13.4,    9.72
-13.3,   10.38
-13.2,    9.73
-13.1,    9.82
-13.0,   10.00
-12.9,   10.14
-12.8,    9.67
-12.7,    9.22
-12.5,   15.81
-12.4,    8.85
-12.3,    7.54
-12.2,    8.24
-12.1,    9.41
-12.0,   10.17
-11.9,   10.03
-11.8,    9.79
-11.6,    9.27
-11.5,    8.44
-11.4,    8.11
-11.3,    8.15
-11.2,    7.87
-11.1,    8.04
-11.0,    8.35
-10.9,    8.95
-10.8,    8.48
-10.6,    8.75
-10.5,    2.67
-10.4,    9.94
-10.3,    9.58
-10.2,    8.82
-10.1,    8.82
-10.0,    9.49
 -9.9,    8.90
 -9.8,    7.93
 -9.6,    8.47
 -9.5,    9.16
 -9.4,    9.65
 -9.3,   10.00
 -9.2,    9.43
 -9.1,    9.00
 -9.0,    8.59
 -8.9,    9.12
 -8.8,   10.38
 -8.6,   10.66
 -8.5,   15.81
 -8.4,    9.31
 -8.3,    9.24
 -8.2,    9.31
 -8.1,    9.57
 -8.0,    9.90
 -7.9,    9.83
 -7.8,   10.10
 -7.6,   10.08
 -7.5,   10.19
 -7.4,    9.80
 -7.3,    9.60
 -7.2,   10.20
 -7.1,   10.09
 -7.0,    9.59
 -6.9,    9.42
 -6.8,    9.54
 -6.6,    9.75
 -6.5,    9.73
 -6.4,    9.76
 -6.3,   10.39
 -6.2,   16.51
 -6.1,   10.01
 -6.0,    9.42
 -5.9,    3.69
 -5.7,    9.80
 -5.6,   10.80
 -5.5,   10.39
 -5.4,   10.29
 -5.3,    9.97
 -5.2,    9.76
 -5.1,   10.02
 -5.0,   10.36
 -4.9,   16.91
 -4.7,   10.36
 -4.6,    9.68
 -4.5,    9.89
 -4.4,   10.68
 -4.3,   10.65
 -4.2,    3.62
 -4.1,   10.96
 -4.0,   10.48
 -3.9,   10.62
 -3.7,   10.27
 -3.6,    9.65
 -3.5,    9.19
 -3.4,    9.45
 -3.3,    9.58
 -3.2,   10.26
 -3.1,   10.59
 -3.0,   10.36
 -2.9,   10.74
 -2.7,   11.01
 -2.6,   10.78
 -2.5,   10.89
 -2.4,   10.64
 -2.3,   10.96
 -2.2,   10.95
 -2.1,   10.64
 -2.0,   10.43
 -1.9,   17.51
 -1.7,   10.99
 -1.6,   11.26
 -1.5,   11.44
 -1.4,   11.12
 -1.3,   10.94
 -1.2,   10.67
 -1.1,   11.09
 -1.0,   11.94
 -0.8,   19.12
 -0.7,    9.65
 -0.6,    7.49
 -0.5,    3.48
 -0.4,   10.09
 -0.3,    9.39
 -0.2,   10.21
 -0.1,   12.39
  0.0,   11.48
  0.2,   12.05
  0.3,   11.85
  0.4,   11.02
  0.5,   10.44
  0.6,   10.31
  0.7,   10.31
  0.8,   10.33
  0.9,   10.35
  1.0,    9.72
  1.2,    9.15
  1.3,    9.32
  1.4,    9.54
  1.5,   16.44
  1.6,   11.11
  1.7,   10.68
  1.8,   11.05
  1.9,   11.78
  2.0,   11.72
  2.2,   11.95
  2.3,   17.03
  2.4,   13.21
  2.5,   11.53
  2.6,   11.42
  2.7,   10.72
  2.8,   16.84
  2.9,   11.97
  3.0,   11.08
  3.2,   10.80
  3.3,   11.06
  3.4,   11.31
  3.5,   11.38
  3.6,   10.93
  3.7,   10.36
  3.8,    9.88
  3.9,    9.88
  4.0,   10.47
  4.2,   10.60
  4.3,   10.82
  4.4,   11.19
  4.5,   11.13
  4.6,   11.23
  4.7,   11.05
  4.8,   11.29
  4.9,   11.09
  5.1,   10.75
  5.2,   10.34
  5.3,   10.47
  5.4,   10.46
  5.5,   10.54
  5.6,   10.84
  5.7,    4.33
  5.8,   11.33
  5.9,   10.96
  6.1,   10.20
  6.2,   10.08
  6.3,   10.81
  6.4,   11.16
  6.5,   10.97
  6.6,   11.08
  6.7,   10.55
  6.8,    9.93
  6.9,    9.79
  7.1,   10.15
  7.2,   10.83
  7.3,   11.09
  7.4,   10.43
  7.5,    9.73
  7.6,    9.99
  7.7,   10.59
  7.8,   10.81
  7.9,   10.82
  8.1,   10.95
  8.2,   10.41
  8.3,   10.06
  8.4,   10.65
  8.5,   11.35
  8.6,   11.23
  8.7,   11.43
  8.8,   11.52
  8.9,   11.34
  9.1,   11.41
  9.2,   10.99
  9.3,   10.76
  9.4,   11.31
  9.5,   11.40
  9.6,   10.60
  9.7,   10.61
  9.8,   10.47
 10.0,   10.46
 10.1,   10.47
 10.2,   10.03
 10.3,    9.84
 10.4,   10.25
 10.5,   10.62
 10.6,   10.40
 10.7,   10.19
 10.8,    9.76
 11.0,    9.67
 11.1,    9.23
 11.2,    8.96
 11.3,    9.37
 11.4,    9.74
 11.5,    9.81
 11.6,    9.51
 11.7,    9.52
 11.8,   15.40
 12.0,   11.06
 12.1,   10.27
 12.2,   10.34
 12.3,   10.39
 12.4,   10.35
 12.5,   15.48
 12.6,   10.66
 12.7,    9.23
 12.8,    9.27
 13.0,    9.19
 13.1,    9.20
 13.2,    9.24
 13.3,    9.63
 13.4,    9.79
 13.5,    9.92
 13.6,   10.12
 13.7,    9.92
 13.8,    9.46
 14.0,    9.88
 14.1,   10.48
 14.2,   11.22
 14.3,   11.15
 14.4,   10.93
 14.5,    9.96
 14.6,    9.32
 14.7,    9.42
 14.8,    9.65
 15.0,    9.76
 15.1,   10.07
 15.2,   10.06
 15.3,   10.18
 15.4,    9.48
 15.5,    9.11
 15.6,    8.91
 15.7,    9.56
 15.9,    9.79
 16.0,    9.69
 16.1,    9.13
 16.2,    8.90
 16.3,    3.39
 16.4,    7.72
 16.5,    9.18
 16.6,    9.09
 16.7,    9.22
 16.9,   14.94
 17.0,   10.29
 17.1,    9.13
 17.2,   14.58
 17.3,   10.10
 17.4,    8.50
 17.5,    8.30
 17.6,    7.48
 17.7,    7.42
 17.9,    7.31
 18.0,    7.60
 18.1,    7.56
 18.2,    7.27
 18.3,    8.15
 18.4,    8.70
 18.5,    8.87
 18.6,    8.52
 18.7,    8.67
 18.9,    9.47
 19.0,    9.52
 19.1,    9.01
 19.2,    9.29
 19.3,    9.35
 19.4,    9.27
 19.5,    9.33
 19.6,    8.70
 19.7,    8.12
 19.9,    8.35
 20.0,    8.84
 20.1,    8.88
 20.2,    8.35
 20.3,    7.77
 20.4,    7.69
 20.5,    8.21
 20.6,    8.71
 20.8,    9.01
 20.9,    8.76
 21.0,    9.34
 21.1,    9.76
 21.2,    9.18
 21.3,    8.49
 21.4,    8.23
 21.5,    8.32
 21.6,    8.51
 21.8,    9.12
 21.9,    9.31
 22.0,    9.47
 22.1,    9.20
 22.2,    8.92
 22.3,    8.56
 22.4,    8.62
 22.5,    8.28
 22.6,    8.20
 22.8,    9.18
 22.9,    9.33
 23.0,    9.28
 23.1,    9.31
 23.2,    9.69
 23.3,    9.70
 23.4,    9.34
 23.5,    4.31
 23.6,    8.24
 23.8,    9.50
 23.9,    3.80
 24.0,    7.75
 24.1,   10.03
 24.2,    9.91
 24.3,    9.68
 24.4,   10.06
 24.5,   15.34
 24.6,   11.45
 24.8,    9.62
 24.9,    9.80
 25.0,   10.52
 25.1,   11.09
 25.2,   11.47
 25.3,   11.62
 25.4,   12.21
 25.5,   12.49
 25.6,    9.49
 25.8,   10.31
 25.9,   13.85
 26.0,   13.70
 26.1,   13.95
 26.2,   14.14
 26.3,   13.68
 26.4,   13.01
 26.5,   13.39
 26.7,   13.16
 26.8,   12.84
 26.9,   12.93
 27.0,   13.07
 27.1,   13.48
 27.2,   13.82
 27.3,   17.22
 27.4,   16.99
 27.5,   13.77
 27.7,   14.01
 27.8,   14.36
 27.9,   14.83
 28.0,   15.18
 28.1,   15.55
 28.2,   16.32
 28.3,   17.22
 28.4,   17.36
 28.5,   17.35
 28.7,   17.66
 28.8,   17.92
 28.9,   18.34
 29.0,   18.60
 29.1,   19.22
 29.2,   19.60
 29.3,   20.38
 29.4,   20.29
 29.5,   20.27
 29.7,   20.45
 29.8,   20.93
 29.9,   21.34
 30.0,   21.91
 30.1,   22.74
 30.2,   23.07
 30.3,   23.43
 30.4,   23.86
 30.5,   24.01
 30.7,   24.24
 30.8,   24.78
 30.9,   25.22
 31.0,   26.01
 31.1,   27.46
 31.2,   27.54
 31.3,   27.18
 31.4,   27.19
 31.5,   28.02
 31.7,   28.70
 31.8,   29.25
 31.9,   29.90
 32.0,   30.55
 32.1,   30.76
 32.2,   31.52
 32.3,   31.94
 32.4,   32.32
 32.6,   32.47
 32.7,   33.11
 32.8,   33.51
 32.9,   34.33
 33.0,   35.03
 33.1,   35.92
 33.2,   36.96
 33.3,   37.36
 33.4,   37.28
 33.6,   38.04
 33.7,   38.75
 33.8,   46.62
 33.9,   40.74
 34.0,   41.38
 34.1,   41.59
 34.2,   41.72
 34.3,   41.96
 34.4,   42.26
 34.6,   42.70
 34.7,   43.81
 34.8,   44.10
 34.9,   45.19
 35.0,   46.55
 35.1,   47.82
 35.2,   48.35
 35.3,   48.40
 35.4,   49.00
 35.6,   50.16
 35.7,   50.41
 35.8,   50.97
 35.9,   51.13
 36.0,   51.92
 36.1,   52.87
 36.2,   53.51
 36.3,   54.56
 36.4,   55.76
 36.6,   56.52
 36.7,   57.02
 36.8,   57.49
 36.9,   58.39
 37.0,   59.18
 37.1,   59.54
 37.2,   59.44
 37.3,   59.83
 37.5,   60.91
 37.6,   62.06
 37.7,   62.99
 37.8,   63.44
 37.9,   64.72
 38.0,   65.93
 38.1,   66.72
 38.2,   67.91
 38.3,   69.12
 38.5,   70.13
 38.6,   70.57
 38.7,   70.83
 38.8,   71.62
 38.9,   72.30
 39.0,   72.95
 39.1,   73.54
 39.2,   69.97
 39.3,   73.08
 39.5,   77.04
 39.6,   77.63
 39.7,   78.05
 39.8,   78.73
 39.9,   79.47
 40.0,   80.37
 40.1,   81.64
 40.2,   81.82
 40.3,   82.00
 40.5,   83.10
 40.6,   83.97
 40.7,   85.23
 40.8,   87.13
 40.9,   87.77
 41.0,   88.38
 41.1,   88.93
 41.2,   89.82
 41.3,   90.68
 41.5,   91.89
 41.6,   92.96
 41.7,   93.85
 41.8,   94.90
 41.9,   95.31
 42.0,   95.80
 42.1,   89.71
 42.2,   98.13
 42.3,   96.86
 42.5,   95.60
 42.6,  101.50
 42.7,  102.76
 42.8,  103.70
 42.9,  104.36
 43.0,  104.92
 43.1,  105.80
 43.2,  106.35
 43.4,  106.52
 43.5,  106.67
 43.6,  106.57
 43.7,  106.58
 43.8,  107.33
 43.9,  108.63
 44.0,  110.02
 44.1,  111.22
 44.2,  112.44
 44.4,  113.06
 44.5,  113.80
 44.6,  115.16
 44.7,  116.05
 44.8,  116.68
 44.9,  117.85
 45.0,  118.83
 45.1,  119.53
 45.2,  120.27
 45.4,  121.04
 45.5,  122.37
 45.6,  123.16
 45.7,  123.70
 45.8,  124.13
 45.9,  124.62
 46.0,  125.38
 46.1,  126.26
 46.2,  127.14
 46.4,  125.71
 46.5,  123.45
 46.6,  128.27
 46.7,  126.43
 46.8,  124.58
 46.9,  131.10
 47.0,  132.34
 47.1,  133.07
 47.2,  133.27
 47.4,  133.15
 47.5,  134.53
 47.6,  135.43
 47.7,  136.31
 47.8,  136.53
 47.9,  136.71
 48.0,  136.90
 48.1,  137.71
 48.3,  138.28
 48.4,  138.95
 48.5,  139.43
 48.6,  140.30
 48.7,  141.33
 48.8,  141.99
 48.9,  142.26
 49.0,  142.94
 49.1,  143.67
 49.3,  143.90
 49.4,  144.53
 49.5,  145.45
 49.6,  145.77
 49.7,  146.28
 49.8,  147.11
 49.9,  147.40
 50.0,  147.69
 50.1,  147.84
 50.3,  147.87
 50.4,  148.54
 50.5,  149.85
 50.6,  150.48
 50.7,  150.64
 50.8,  150.90
 50.9,  150.72
 51.0,  150.30
 51.1,  150.69
 51.3,  151.32
 51.4,  151.82
 51.5,  151.75
 51.6,  152.13
 51.7,  152.99
 51.8,  154.15
 51.9,  155.18
 52.0,  156.04
 52.1,  156.10
 52.3,  156.16
 52.4,  156.37
 52.5,  163.56
 52.6,  156.44
 52.7,  156.89
 52.8,  157.27
 52.9,  157.72
 53.0,  158.11
 53.1,  158.75
 53.3,  164.29
 53.4,  160.23
 53.5,  158.87
 53.6,  164.63
 53.7,  160.89
 53.8,  159.72
 53.9,  159.79
 54.0,  157.76
 54.2,  154.16
 54.3,  160.40
 54.4,  160.35
 54.5,  160.24
 54.6,  160.10
 54.7,  160.33
 54.8,  161.47
 54.9,  162.33
 55.0,  162.85
 55.2,  162.81
 55.3,  162.80
 55.4,  163.07
 55.5,  163.61
 55.6,  163.74
 55.7,  163.68
 55.8,  163.33
 55.9,  163.37
 56.0,  163.89
 56.2,  164.30
 56.3,  165.28
 56.4,  165.23
 56.5,  165.46
 56.6,  165.53
 56.7,  165.13
 56.8,  165.11
 56.9,  165.64
 57.0,  165.68
 57.2,  166.50
 57.3,  166.96
 57.4,  167.52
 57.5,  167.52
 57.6,  167.30
 57.7,  167.16
 57.8,  166.89
 57.9,  166.95
 58.0,  167.30
 58.2,  166.81
 58.3,  166.48
 58.4,  166.55
 58.5,  166.87
 58.6,  167.88
 58.7,  167.74
 58.8,  167.98
 58.9,  168.65
 59.1,  169.44
 59.2,  169.82
 59.3,  169.81
 59.4,  169.60
 59.5,  170.18
 59.6,  170.38
 59.7,  170.87
 59.8,  170.73
 59.9,  170.75
 60.1,  170.66
 60.2,  170.21
 60.3,  170.03
 60.4,  169.56
 60.5,  169.49
 60.6,  169.76
 60.7,  169.77
 60.8,  169.41
 60.9,  169.44
 61.1,  170.03
 61.2,  169.68
 61.3,  169.59
 61.4,  169.38
 61.5,  169.38
 61.6,  169.76
 61.7,  169.85
 61.8,  170.33
 61.9,  170.54
 62.1,  170.26
 62.2,  170.05
 62.3,  169.98
 62.4,  170.20
 62.5,  170.57
 62.6,  170.71
 62.7,  170.29
 62.8,  170.29
 62.9,  170.23
 63.1,  169.69
 63.2,  169.64
 63.3,  170.20
 63.4,  170.49
 63.5,  171.24
 63.6,  171.31
 63.7,  171.04
 63.8,  170.89
 63.9,  170.83
 64.1,  170.66
 64.2,  170.72
 64.3,  171.02
 64.4,  171.29
 64.5,  171.09
 64.6,  170.71
 64.7,  170.42
 64.8,  170.66
 65.0,  170.55
 65.1,  170.61
 65.2,  171.02
 65.3,  171.29
 65.4,  171.25
 65.5,  170.72
 65.6,  170.97
 65.7,  171.86
 65.8,  171.85
 66.0,  171.42
 66.1,  170.63
 66.2,  170.76
 66.3,  171.08
 66.4,  170.95
 66.5,  171.22
 66.6,  171.34
 66.7,  171.10
 66.8,  170.33
 67.0,  169.73
 67.1,  169.36
 67.2,  168.55
 67.3,  168.30
 67.4,  168.61
 67.5,  169.13
 67.6,  168.94
 67.7,  168.83
 67.8,  169.06
 68.0,  169.21
 68.1,  169.47
 68.2,  168.65
 68.3,  168.89
 68.4,  169.80
 68.5,  170.05
 68.6,  170.00
 68.7,  170.12
 68.8,  170.06
 69.0,  169.67
 69.1,  169.02
 69.2,  168.31
 69.3,  168.45
 69.4,  168.88
 69.5,  169.25
 69.6,  168.73
 69.7,  168.13
 69.9,  167.46
 70.0,  167.53
 70.1,  168.37
 70.2,  167.74
 70.3,  167.88
 70.4,  167.98
 70.5,  167.87
 70.6,  166.85
 70.7,  166.02
 70.9,  165.80
 71.0,  165.93
 71.1,  165.30
 71.2,  165.55
 71.3,  165.56
 71.4,  165.89
 71.5,  166.78
 71.6,  166.95
 71.7,  166.64
 71.9,  165.89
 72.0,  165.91
 72.1,  166.48
 72.2,  166.58
 72.3,  166.63
 72.4,  165.89
 72.5,  165.87
 72.6,  165.96
 72.7,  165.86
 72.9,  164.91
 73.0,  164.49
 73.1,  164.62
 73.2,  165.04
 73.3,  164.93
 73.4,  164.22
 73.5,  163.74
 73.6,  163.72
 73.7,  163.32
 73.9,  163.01
 74.0,  163.47
 74.1,  163.63
 74.2,  163.48
 74.3,  163.68
 74.4,  164.04
 74.5,  163.56
 74.6,  163.66
 74.7,  163.92
 74.9,  164.33
 75.0,  164.35
 75.1,  163.75
 75.2,  163.65
 75.3,  163.68
 75.4,  163.83
 75.5,  164.34
 75.6,  164.54
 75.8,  164.61
 75.9,  163.92
 76.0,  163.34
 76.1,  163.34
 76.2,  162.67
 76.3,  162.96
 76.4,  163.19
 76.5,  164.02
 76.6,  164.05
 76.8,  163.43
 76.9,  169.69
 77.0,  162.34
 77.1,  161.29
 77.2,  161.09
 77.3,  161.19
 77.4,  161.20
 77.5,  161.15
 77.6,  160.70
 77.8,  161.15
 77.9,  160.94
 78.0,  160.45
 78.1,  159.68
 78.2,  160.42
 78.3,  160.76
 78.4,  160.73
 78.5,  160.80
 78.6,  161.23
 78.8,  160.98
 78.9,  159.72
 79.0,  159.40
 79.1,  159.30
 79.2,  159.43
 79.3,  159.96
 79.4,  160.05
 79.5,  160.11
 79.6,  166.35
 79.8,  159.40
 79.9,  159.51
 80.0,  164.84
 80.1,  157.79
 80.2,  157.85
 80.3,  152.03
 80.4,  158.30
 80.5,  158.80
 80.7,  158.99
 80.8,  159.24
 80.9,  157.87
 81.0,  151.58
 81.1,  157.66
 81.2,  157.29
 81.3,  156.60
 81.4,  156.35
 81.5,  156.33
 81.7,  155.95
 81.8,  155.71
 81.9,  155.83
 82.0,  155.53
 82.1,  155.20
 82.2,  155.80
 82.3,  156.47
 82.4,  156.38
 82.5,  155.74
 82.7,  154.94
 82.8,  154.23
 82.9,  153.61
 83.0,  153.23
 83.1,  153.83
 83.2,  154.36
 83.3,  153.96
 83.4,  153.39
 83.5,  154.19
 83.7,  154.17
 83.8,  153.09
 83.9,  152.25
 84.0,  151.50
 84.1,  151.49
 84.2,  151.12
 84.3,  150.80
 84.4,  150.64
 84.5,  150.93
 84.7,  150.82
 84.8,  150.62
 84.9,  150.48
 85.0,  150.12
 85.1,  150.00
 85.2,  150.79
 85.3,  151.29
 85.4,  151.32
 85.5,  151.05
 85.7,  150.83
 85.8,  150.51
 85.9,  149.98
 86.0,  150.11
 86.1,  150.25
 86.2,  149.64
 86.3,  148.86
 86.4,  148.55
 86.6,  148.27
 86.7,  148.69
 86.8,  148.49
 86.9,  147.86
 87.0,  148.00
 87.1,  147.71
 87.2,  147.12
 87.3,  147.17
 87.4,  146.96
 87.6,  147.08
 87.7,  146.47
 87.8,  145.41
 87.9,  145.19
 88.0,  145.69
 88.1,  146.33
 88.2,  146.24
 88.3,  146.11
 88.4,  146.12
 88.6,  145.85
 88.7,  145.35
 88.8,  144.87
 88.9,  144.64
 89.0,  144.85
 89.1,  144.67
 89.2,  144.63
 89.3,  144.51
 89.4,  143.98
 89.6,  143.92
 89.7,  143.94
 89.8,  143.60
 89.9,  143.13
 90.0,  142.64
 90.1,  142.09
 90.2,  141.92
 90.3,  141.81
 90.4,  141.91
 90.6,  141.95
 90.7,  141.74
 90.8,  142.22
 90.9,  142.89
 91.0,  142.68
 91.1,  142.66
 91.2,  142.43
 91.3,  142.64
 91.5,  142.29
 91.6,  141.84
 91.7,  141.49
 91.8,  141.40
 91.9,  141.28
 92.0,  140.93
 92.1,  140.86
 92.2,  141.18
 92.3,  141.24
 92.5,  141.69
 92.6,  142.79
 92.7,  142.97
 92.8,  142.68
 92.9,  142.35
 93.0,  141.79
 93.1,  141.14
 93.2,  140.97
 93.3,  140.91
 93.5,  140.33
 93.6,  139.37
 93.7,  139.14
 93.8,  139.08
 93.9,  139.10
 94.0,  139.32
 94.1,  138.98
 94.2,  138.47
 94.3,  138.59
 94.5,  139.05
 94.6,  138.73
 94.7,  138.22
 94.8,  137.65
 94.9,  137.78
 95.0,  138.29
 95.1,  138.13
 95.2,  137.52
 95.3,  137.55
 95.5,  137.15
 95.6,  136.68
 95.7,  136.35
 95.8,  135.99
 95.9,  136.22
 96.0,  136.76
 96.1,  137.40
 96.2,  136.91
 96.3,  137.09
 96.5,  136.67
 96.6,  136.24
 96.7,  135.98
 96.8,  135.96
 96.9,  135.62
 97.0,  135.87
 97.1,  135.74
 97.2,  135.61
 97.4,  135.45
 97.5,  135.38
 97.6,  134.75
 97.7,  134.48
 97.8,  134.20
 97.9,  134.09
 98.0,  133.76
 98.1,  133.96
 98.2,  133.90
 98.4,  133.54
 98.5,  133.99
 98.6,  136.00
 98.7,  139.22
 98.8,  133.44
 98.9,  133.55
 99.0,  133.51
 99.1,  133.20
 99.2,  132.95
 99.4,  132.71
 99.5,  132.47
 99.6,  132.52
 99.7,  132.19
 99.8,  131.95
 99.9,  131.75
100.0,  131.56
100.1,  131.40
100.2,  130.71
100.4,  130.69
100.5,  130.47
100.6,  129.26
100.7,  129.14
100.8,  129.73
100.9,  129.29
101.0,  128.64
101.1,  128.91
101.2,  129.50
101.4,  128.92
101.5,  128.52
101.6,  128.49
101.7,  128.47
101.8,  128.59
101.9,  128.54
102.0,  128.52
102.1,  128.94
102.3,  129.04
102.4,  128.82
102.5,  128.19
102.6,  127.73
102.7,  127.55
102.8,  127.42
102.9,  127.46
103.0,  127.35
103.1,  127.25
103.3,  121.67
103.4,  124.36
103.5,  127.08
103.6,  127.14
103.7,  127.11
103.8,  126.91
103.9,  133.51
104.0,  125.71
104.1,  125.40
104.3,  125.00
104.4,  124.45
104.5,  124.73
104.6,  124.89
104.7,  124.84
104.8,  124.44
104.9,  123.68
105.0,  123.76
105.1,  124.17
105.3,  123.83
105.4,  123.28
105.5,  123.28
105.6,  123.58
105.7,  123.51
105.8,  123.27
105.9,  122.39
106.0,  122.24
106.1,  121.94
106.3,  121.33
106.4,  121.14
106.5,  121.86
106.6,  122.23
106.7,  122.69
106.8,  122.06
106.9,  121.49
107.0,  121.56
107.1,  121.78
107.3,  121.63
107.4,  121.36
107.5,  121.29
107.6,  120.29
107.7,  119.52
107.8,  119.74
107.9,  119.82
108.0,  119.44
108.2,  119.21
108.3,  119.43
108.4,  119.30
108.5,  118.88
108.6,  119.24
108.7,  119.53
108.8,  119.60
108.9,  119.76
109.0,  119.25
109.2,  119.41
109.3,  119.66
109.4,  120.02
109.5,  120.10
109.6,  120.19
109.7,  120.26
109.8,  120.08
109.9,  119.85
110.0,  119.19
110.2,  118.33
110.3,  117.45
110.4,  117.26
110.5,  117.24
110.6,  116.61
110.7,  116.41
110.8,  116.31
110.9,  116.33
111.0,  116.41
111.2,  116.41
111.3,  115.89
111.4,  115.46
111.5,  115.59
111.6,  115.55
111.7,  115.67
111.8,  115.62
111.9,  114.81
112.0,  114.37
112.2,  114.35
112.3,  114.28
112.4,  114.11
112.5,  114.89
112.6,  115.55
112.7,  115.64
112.8,  115.17
112.9,  114.17
113.1,  113.70
113.2,  113.07
113.3,  112.82
113.4,  112.92
113.5,  112.75
113.6,  112.73
113.7,  112.88
113.8,  113.28
113.9,  113.39
114.1,  113.19
114.2,  113.24
114.3,  112.67
114.4,  112.79
114.5,  113.09
114.6,  112.77
114.7,  112.37
114.8,  112.13
114.9,  111.87
115.1,  111.64
115.2,  111.58
115.3,  111.08
115.4,  110.39
115.5,  110.52
115.6,  111.02
115.7,  111.50
115.8,  111.49
115.9,  110.76
116.1,  110.58
116.2,  110.24
116.3,  109.66
116.4,  109.07
116.5,  108.32
116.6,  108.04
116.7,  108.28
116.8,  108.48
116.9,  108.15
117.1,  108.17
117.2,  107.50
117.3,  107.04
117.4,  106.43
117.5,  106.13
117.6,  106.07
117.7,  105.50
117.8,  105.85
117.9,  106.24
118.1,  106.24
118.2,  105.77
118.3,  104.95
118.4,  104.70
118.5,  104.92
118.6,  105.32
118.7,  105.79
118.8,  106.09
119.0,  106.12
119.1,  105.56
119.2,  105.49
119.3,  105.20
119.4,  105.04
119.5,  105.24
119.6,  105.10
119.7,  104.81
119.8,  104.80
120.0,  104.50
120.1,  103.92
120.2,  103.76
120.3,  103.86
120.4,  103.62
120.5,  103.21
120.6,  102.60
120.7,  102.53
120.8,  102.31
121.0,  102.20
121.1,  102.31
121.2,  102.17
121.3,  102.40
121.4,  102.40
121.5,  101.94
121.6,  101.27
121.7,  101.01
121.8,  100.57
122.0,  100.47
122.1,   99.76
122.2,   99.56
122.3,   99.34
122.4,   99.42
122.5,   99.74
122.6,  100.41
122.7,  100.73
122.8,  100.39
123.0,  102.83
123.1,  102.12
123.2,   98.59
123.3,   98.47
123.4,   98.82
123.5,   98.79
123.6,  102.02
123.7,  101.71
123.8,   97.88
124.0,   97.52
124.1,   97.35
124.2,   97.61
124.3,   97.60
124.4,   97.07
124.5,   96.98
124.6,   96.87
124.7,   96.38
124.9,   96.05
125.0,   95.99
125.1,   96.12
125.2,   95.83
125.3,   95.88
125.4,   96.09
125.5,   96.17
125.6,   96.56
125.7,   96.33
125.9,   95.83
126.0,   95.97
126.1,   96.30
126.2,   96.65
126.3,   96.21
126.4,   95.98
126.5,   95.83
126.6,   95.44
126.7,   95.32
126.9,   94.76
127.0,   94.08
127.1,   93.06
127.2,   92.63
127.3,   92.57
127.4,   92.87
127.5,   93.13
127.6,   92.96
127.7,   90.96
127.9,   86.61
128.0,   92.61
128.1,   92.23
128.2,   91.35
128.3,   91.65
128.4,   91.91
128.5,   91.69
128.6,   91.97
128.7,   91.22
128.9,   90.17
129.0,   90.07
129.1,   90.61
129.2,   90.95
129.3,   91.00
129.4,   91.53
129.5,   91.56
129.6,   91.23
129.8,   90.69
129.9,   89.90
130.0,   89.00
130.1,   88.67
130.2,   89.24
130.3,   89.85
130.4,   90.21
130.5,   89.52
130.6,   89.13
130.8,   88.73
130.9,   88.46
131.0,   88.62
131.1,   88.83
131.2,   88.89
131.3,   87.90
131.4,   86.89
131.5,   87.20
131.6,   88.07
131.8,   87.75
131.9,   88.01
132.0,   87.97
132.1,   87.96
132.2,   87.24
132.3,   87.30
132.4,   87.49
132.5,   87.09
132.6,   86.48
132.8,   86.21
132.9,   86.03
133.0,   85.89
133.1,   86.17
133.2,   85.93
133.3,   85.51
133.4,   85.42
133.5,   85.34
133.6,   85.16
133.8,   84.81
133.9,   84.70
134.0,   83.91
134.1,   83.65
134.2,   83.38
134.3,   83.38
134.4,   83.24
134.5,   83.58
134.6,   83.93
134.8,   83.98
134.9,   83.58
135.0,   82.82
135.1,   82.95
135.2,   83.16
135.3,   83.09
135.4,   83.23
135.5,   83.91
135.7,   84.06
135.8,   84.06
135.9,   83.74
136.0,   83.14
136.1,   82.34
136.2,   82.24
136.3,   82.30
136.4,   82.04
136.5,   80.84
136.7,   80.76
136.8,   80.28
136.9,   80.12
137.0,   80.21
137.1,   80.10
137.2,   79.78
137.3,   79.21
137.4,   78.85
137.5,   78.79
137.7,   78.96
137.8,   79.17
137.9,   78.96
138.0,   78.57
138.1,   78.28
138.2,   77.95
138.3,   77.88
138.4,   78.07
138.5,   77.95
138.7,   77.91
138.8,   77.35
138.9,   77.29
139.0,   77.82
139.1,   78.25
139.2,   77.59
139.3,   76.83
139.4,   76.55
139.5,   76.80
139.7,   77.23
139.8,   77.49
139.9,   76.89
140.0,   76.58
140.1,   76.59
140.2,   75.77
140.3,   75.54
140.4,   75.71
140.6,   75.27
140.7,   75.20
140.8,   74.79
140.9,   74.77
141.0,   74.54
141.1,   74.83
141.2,   75.10
141.3,   74.76
141.4,   74.47
141.6,   73.83
141.7,   73.84
141.8,   73.70
141.9,   73.49
142.0,   73.44
142.1,   73.76
142.2,   73.92
142.3,   73.60
142.4,   73.62
142.6,   73.93
142.7,   73.64
142.8,   73.43
142.9,   73.88
143.0,   73.82
143.1,   73.23
143.2,   73.55
143.3,   73.58
143.4,   72.68
143.6,   72.39
143.7,   78.68
143.8,   70.92
143.9,   70.78
144.0,   71.35
144.1,   71.19
144.2,   70.54
144.3,   70.51
144.4,   70.69
144.6,   71.11
144.7,   71.41
144.8,   71.20
144.9,   71.13
145.0,   70.92
145.1,   70.59
145.2,   70.44
145.3,   77.31
145.4,   70.28
145.6,   70.02
145.7,   69.83
145.8,   69.63
145.9,   69.91
146.0,   69.68
146.1,   69.28
146.2,   69.93
146.3,   70.40
146.5,   70.50
146.6,   69.63
146.7,   68.81
146.8,   69.15
146.9,   69.90
147.0,   69.77
147.1,   69.84
147.2,   69.57
147.3,   69.39
147.5,   69.15
147.6,   69.04
147.7,   68.76
147.8,   68.46
147.9,   68.46
148.0,   67.91
148.1,   67.78
148.2,   68.33
148.3,   68.03
148.5,   67.58
148.6,   67.79
148.7,   68.16
148.8,   68.03
148.9,   67.29
149.0,   67.02
149.1,   66.41
149.2,   66.30
149.3,   66.23
149.5,   65.31
149.6,   65.11
149.7,   65.10
149.8,   64.79
149.9,   65.27
150.0,   65.26
150.1,   65.35
150.2,   64.63
150.3,   64.18
150.5,   64.17
150.6,   64.91
150.7,   64.58
150.8,   64.06
150.9,   63.23
151.0,   63.17
151.1,   61.97
151.2,   56.34
151.4,   63.36
151.5,   63.04
151.6,   63.04
151.7,   62.70
151.8,   63.39
151.9,   63.71
152.0,   63.73
152.1,   64.07
152.2,   64.71
152.4,   64.54
152.5,   63.99
152.6,   63.88
152.7,   63.67
152.8,   63.55
152.9,   62.97
153.0,   62.63
153.1,   62.21
153.2,   61.72
153.4,   61.58
153.5,   61.10
153.6,   61.36
153.7,   61.04
153.8,   60.97
153.9,   60.42
154.0,   60.20
154.1,   60.44
154.2,   60.41
154.4,   60.24
154.5,   59.64
154.6,   59.33
154.7,   59.31
154.8,   59.36
154.9,   58.76
155.0,   58.99
155.1,   59.59
155.2,   59.29
155.4,   59.15
155.5,   58.64
155.6,   58.98
155.7,   58.76
155.8,   58.59
155.9,   58.05
156.0,   58.28
156.1,   57.74
156.2,   57.99
156.4,   58.36
156.5,   58.13
156.6,   57.44
156.7,   57.18
156.8,   56.65
156.9,   56.06
157.0,   55.73
157.1,   55.81
157.3,   56.03
157.4,   55.68
157.5,   55.54
157.6,   55.77
157.7,   55.57
157.8,   55.47
157.9,   56.09
158.0,   55.96
158.1,   55.68
158.3,   55.50
158.4,   54.47
158.5,   54.02
158.6,   55.45
158.7,   56.22
158.8,   56.55
158.9,   56.16
159.0,   55.86
159.1,   55.26
159.3,   55.46
159.4,   55.18
159.5,   55.49
159.6,   55.51
159.7,   54.66
159.8,   54.33
159.9,   54.37
160.0,   54.19
160.1,   53.19
160.3,   52.35
160.4,   51.85
160.5,   51.72
160.6,   52.68
160.7,   53.69
160.8,   53.46
160.9,   53.05
161.0,   52.28
161.1,   51.72
161.3,   51.48
161.4,   51.36
161.5,   50.92
161.6,   50.90
161.7,   50.31
161.8,   50.80
161.9,   50.86
162.0,   50.75
162.2,   50.84
162.3,   50.38
162.4,   50.43
162.5,   50.92
162.6,   50.81
162.7,   50.38
162.8,   50.08
162.9,   50.09
163.0,   49.72
163.2,   49.50
163.3,   49.55
163.4,   49.01
163.5,   48.10
163.6,   49.21
163.7,   49.71
163.8,   49.82
163.9,   49.58
164.0,   49.80
164.2,   50.02
164.3,   50.09
164.4,   50.34
164.5,   50.11
164.6,   49.22
164.7,   49.27
164.8,   48.75
164.9,   48.40
165.0,   48.60
165.2,   48.29
165.3,   48.80
165.4,   48.38
165.5,   47.02
165.6,   39.95
165.7,   47.23
165.8,   47.54
165.9,   46.93
166.0,   46.94
166.2,   46.56
166.3,   46.96
166.4,   46.66
166.5,   46.86
166.6,   46.88
166.7,   46.43
166.8,   46.17
166.9,   46.24
167.0,   45.75
167.2,   45.65
167.3,   45.00
167.4,   44.91
167.5,   44.75
167.6,   45.42
167.7,   45.30
167.8,   45.02
167.9,   44.06
168.1,   43.75
168.2,   43.37
168.3,   43.63
168.4,   43.65
168.5,   43.94
168.6,   44.47
168.7,   44.46
168.8,   43.57
168.9,   43.86
169.1,   44.09
169.2,   43.79
169.3,   43.16
169.4,   43.32
169.5,   43.00
169.6,   42.94
169.7,   42.89
169.8,   42.93
169.9,   42.78
170.1,   42.85
170.2,   42.43
170.3,   42.40
170.4,   42.86
170.5,   42.44
170.6,   42.07
170.7,   41.65
170.8,   40.74
170.9,   40.24
171.1,   40.07
171.2,   41.24
171.3,   41.81
171.4,   41.77
171.5,   41.02
171.6,   40.48
171.7,   40.42
171.8,   40.55
171.9,   40.40
172.1,   40.34
172.2,   39.61
172.3,   39.22
172.4,   39.83
172.5,   39.96
172.6,   38.73
172.7,   38.35
172.8,   37.74
173.0,   37.94
173.1,   38.14
173.2,   38.06
173.3,   38.59
173.4,   38.69
173.5,   38.47
173.6,   37.75
173.7,   37.99
173.8,   38.05
174.0,   37.52
174.1,   37.07
174.2,   37.60
174.3,   37.92
174.4,   37.93
174.5,   37.70
174.6,   37.76
174.7,   38.05
174.8,   38.65
175.0,   38.62
175.1,   38.30
175.2,   37.58
175.3,   37.55
175.4,   37.67
175.5,   37.22
175.6,   36.78
175.7,   36.85
175.8,   36.80
176.0,   36.28
176.1,   35.66
176.2,   35.69
176.3,   36.66
176.4,   37.03
176.5,   36.19
176.6,   35.56
176.7,   35.33
176.8,   34.74
177.0,   34.67
177.1,   34.53
177.2,   34.07
177.3,   34.25
177.4,   34.25
177.5,   33.84
177.6,   33.36
177.7,   33.26
177.8,   33.20
178.0,   33.23
178.1,   33.36
178.2,   33.22
178.3,   33.73
178.4,   33.42
178.5,   33.30
178.6,   33.06
178.7,   32.82
178.9,   32.30
179.0,   31.68
179.1,   31.73
179.2,   32.47
179.3,   32.87
179.4,   33.25
179.5,   32.89
179.6,   32.46
179.7,   31.98
179.9,   31.89
180.0,   31.19
180.1,   31.11
180.2,   31.99
180.3,   38.27
180.4,   32.04
180.5,   31.24
180.6,   30.41
180.7,   30.61
180.9,   30.42
181.0,   24.23
181.1,   30.45
181.2,   30.75
181.3,   30.83
181.4,   30.77
181.5,   30.82
181.6,   30.42
181.7,   30.48
181.9,   30.35
182.0,   29.37
182.1,   28.79
182.2,   29.53
182.3,   30.12
182.4,   30.52
182.5,   30.64
182.6,   30.24
182.7,   29.94
182.9,   29.02
183.0,   28.00
183.1,   27.67
183.2,   27.50
183.3,   27.89
183.4,   27.83
183.5,   27.83
183.6,   27.72
183.8,   27.72
183.9,   27.35
184.0,   26.33
184.1,   25.90
184.2,   25.85
184.3,   26.26
184.4,   26.51
184.5,   26.51
184.6,   26.58
184.8,   26.85
184.9,   26.16
185.0,   25.99
185.1,   25.82
185.2,   25.60
185.3,   26.02
185.4,   26.36
185.5,   27.09
185.6,   27.25
185.8,   26.76
185.9,   26.31
186.0,   26.62
186.1,   26.62
186.2,   26.39
186.3,   25.67
186.4,   25.74
186.5,   25.18
186.6,   25.38
186.8,   25.67
186.9,   25.58
187.0,   25.30
187.1,   24.91
187.2,   24.13
187.3,   22.94
187.4,   22.15
187.5,   22.04
187.6,   22.82
187.8,   23.32
187.9,   23.53
188.0,   23.49
188.1,   23.12
188.2,   22.41
188.3,   22.89
188.4,   23.00
188.5,   23.29
188.6,   23.45
188.8,   22.93
188.9,   21.98
189.0,   21.91
189.1,   21.72
189.2,   22.27
189.3,   22.10
189.4,   21.70
189.5,   20.38
189.7,   20.60
189.8,   21.19
189.9,   21.85
190.0,   22.45
190.1,   21.78
190.2,   20.28
190.3,   20.40
190.4,   20.50
190.5,   19.46
190.7,   18.29
190.8,   18.19
190.9,   18.42
191.0,   19.03
191.1,   19.56
191.2,   20.21
191.3,   20.49
191.4,   20.34
191.5,   20.26
191.7,   20.07
191.8,   20.00
191.9,   20.27
192.0,   20.16
192.1,   20.11
192.2,   20.23
192.3,   19.63
192.4,   19.55
192.5,   19.70
192.7,   19.56
192.8,   19.18
192.9,   18.40
193.0,   18.82
193.1,   18.93
193.2,   19.55
193.3,   19.23
193.4,   18.81
193.5,   17.93
193.7,   17.40
193.8,   17.53
193.9,   17.24
194.0,   17.15
194.1,   16.97
194.2,   16.33
194.3,   16.35
194.4,   16.57
194.6,   16.13
194.7,   16.33
194.8,   16.82
194.9,   17.16
195.0,   16.48
195.1,   16.54
195.2,   18.59
195.3,   27.77
195.4,   14.91
195.6,   15.33
195.7,   15.73
195.8,   16.26
195.9,   16.97
196.0,   17.50
196.1,   17.27
196.2,   16.40
196.3,   16.17
196.4,   16.06
196.6,   15.96
196.7,   16.13
196.8,   16.12
196.9,   16.01
197.0,   16.50
197.1,   16.79
197.2,   16.60
197.3,   15.40
197.4,   14.82
197.6,   13.80
197.7,   13.29
197.8,   13.49
197.9,   13.81
198.0,   14.01
198.1,   14.30
198.2,   14.16
198.3,   20.51
198.4,   13.41
198.6,   13.81
198.7,   14.13
198.8,   13.79
198.9,   13.50
199.0,   13.39
199.1,   13.09
199.2,   13.78
199.3,   13.98
199.4,   13.24
199.6,   12.04
199.7,   11.64
199.8,   12.04
199.9,   11.87
200.0,   12.29
200.1,   12.70
200.2,   13.13
200.3,   12.33
200.5,   11.77
200.6,   11.51
200.7,   11.51
200.8,   11.23
200.9,   10.76
201.0,   10.77
201.1,   10.28
201.2,    9.63
201.3,   10.36
201.5,   10.86
201.6,   10.53
201.7,    9.33
201.8,    9.01
201.9,    9.32
202.0,    9.52
202.1,   10.27
202.2,   10.73
202.3,   10.99
202.5,   10.66
202.6,   10.24
202.7,    9.53
202.8,    9.02
202.9,    8.91
203.0,    9.44
203.1,    9.82
203.2,    9.62
203.3,    9.72
203.5,    9.83
203.6,   10.29
203.7,   10.67
203.8,   10.51
203.9,   10.33
204.0,   10.11
204.1,    9.70
204.2,    9.42
204.3,    8.33
204.5,    7.89
204.6,    7.64
204.7,    7.07
204.8,    7.35
204.9,    7.87
205.0,    8.51
205.1,    8.66
205.2,    8.56
205.4,    8.53
205.5,    8.38
205.6,    7.98
205.7,    7.38
205.8,    7.27
205.9,    7.32
206.0,    7.75
206.1,    8.15
206.2,    7.84
206.4,    7.58
206.5,    7.35
206.6,    6.35
206.7,    5.95
206.8,    6.10
206.9,    5.96
207.0,    6.12
207.1,    6.54
207.2,    6.79
207.4,    6.89
207.5,    6.91
207.6,    6.35
207.7,    6.12
207.8,    6.32
207.9,    6.55
208.0,    7.39
208.1,    7.57
208.2,    7.82
208.4,    7.80
208.5,    7.38
208.6,    6.86
208.7,    6.88
208.8,    6.88
208.9,    7.10
209.0,    6.92
209.1,    6.74
209.2,    6.71
209.4,    7.07
209.5,    7.40
209.6,    7.41
209.7,    6.69
209.8,    6.10
209.9,    5.92
210.0,    5.97
210.1,    6.44
210.2,    6.52
210.4,    6.17
210.5,    5.77
210.6,    5.69
210.7,    4.84
210.8,    4.54
210.9,    4.64
211.0,    4.48
211.1,    4.42
211.3,    4.27
211.4,    4.40
211.5,    4.27
211.6,    4.48
211.7,   10.12
211.8,    6.09
211.9,    4.32
212.0,   10.10
212.1,    6.24
212.3,    4.83
212.4,   10.91
212.5,    6.17
212.6,    3.70
212.7,    3.55
212.8,    4.25
212.9,    4.88
213.0,    4.41
213.1,    4.32
213.3,    4.01
213.4,    3.75
213.5,    3.39
213.6,    3.36
213.7,    2.81
213.8,    2.87
213.9,    4.20
214.0,    4.66
214.1,    4.46
214.3,    4.56
214.4,   10.29
214.5,    6.39
214.6,    4.73
214.7,    5.04
214.8,    5.22
214.9,    4.46
215.0,    4.01
215.1,    3.91
215.3,    3.94
215.4,    4.23
215.5,    4.34
215.6,    3.96
215.7,    3.57
215.8,    3.52
215.9,    3.28
216.0,    2.88
216.2,    2.55
216.3,    2.23
216.4,    2.06
216.5,    1.82
216.6,    1.56
216.7,    1.95
216.8,    2.37
216.9,    2.47
217.0,    2.14
217.2,    1.88
217.3,    1.12
217.4,    0.99
217.5,    0.60
217.6,    0.25
217.7,    0.29
217.8,    0.27
217.9,    0.31
218.0,    0.50
218.2,    0.88
218.3,    1.57
218.4,    1.57
218.5,    1.61
218.6,    1.68
218.7,    0.99
218.8,    0.64
218.9,    0.74
219.0,    0.91
219.2,    0.62
219.3,    0.83
219.4,    0.73
219.5,    0.98
219.6,    1.77
219.7,    1.34
219.8,    0.54
219.9,    0.19
220.0,    0.64
220.2,    0.70
220.3,    0.48
220.4,   -0.09
220.5,   -0.47
220.6,   -0.64
220.7,   -0.33
220.8,   -0.53
220.9,   -0.47
221.0,   -0.59
221.2,   -1.15
221.3,   -1.60
221.4,   -1.57
221.5,   -1.40
221.6,   -1.60
221.7,   -0.79
221.8,   -0.34
221.9,    0.22
222.1,   -0.52
222.2,   -0.97
222.3,   -1.71
222.4,   -1.75
222.5,   -1.72
222.6,   -1.80
222.7,   -1.89
222.8,   -1.95
222.9,   -1.55
223.1,   -1.41
223.2,   -1.65
223.3,   -1.58
223.4,   -1.53
223.5,   -1.68
223.6,   -2.04
223.7,   -2.43
223.8,   -2.14
223.9,   -1.85
224.1,   -1.80
224.2,   -2.07
224.3,   -1.60
224.4,   -0.38
224.5,   -0.05
224.6,   -0.22
224.7,   -0.11
224.8,   -0.26
224.9,   -1.27
225.1,   -1.20
225.2,   -1.07
225.3,   -1.57
225.4,   -1.98
225.5,   -2.58
225.6,   -2.70
225.7,   -2.49
225.8,   -1.95
225.9,   -1.22
226.1,   -0.75
226.2,   -0.77
226.3,   -0.65
226.4,   -0.43
226.5,   -0.52
226.6,   -0.71
226.7,   -1.36
226.8,   -1.62
226.9,   -1.73
227.1,   -1.86
227.2,   -1.98
227.3,   -2.63
227.4,   -2.44
227.5,   -2.50
227.6,   -3.15
227.7,   -3.54
227.8,   -3.61
228.0,   -3.86
228.1,   -3.89
228.2,   -3.10
228.3,   -1.93
228.4,   -1.22
228.5,   -0.97
228.6,   -0.90
228.7,   -1.39
228.8,   -1.60
229.0,   -1.78
229.1,   -1.62
229.2,   -1.21
229.3,   -0.94
229.4,   -0.87
229.5,   -0.90
229.6,   -1.06
229.7,   -1.30
229.8,   -1.42
230.0,   -1.44
230.1,   -1.69
230.2,   -1.85
230.3,   -2.13
230.4,   -2.19
230.5,   -2.05
230.6,   -2.12
230.7,   -2.40
230.8,   -2.48
231.0,   -1.99
231.1,   -1.82
231.2,   -1.66
231.3,   -1.96
231.4,   -1.70
231.5,   -1.46
231.6,   -1.64
231.7,   -1.65
231.8,   -1.79
232.0,   -1.39
232.1,   -0.67
232.2,   -0.59
232.3,   -0.48
232.4,   -0.56
232.5,   -1.00
232.6,   -1.68
232.7,   -1.59
232.9,   -1.70
233.0,   -2.69
233.1,   -3.48
233.2,   -3.26
233.3,   -3.29
233.4,   -3.42
233.5,   -3.37
233.6,   -3.21
233.7,   -2.75
233.9,   -2.40
234.0,   -2.35
234.1,   -2.40
234.2,   -2.98
234.3,   -3.53
234.4,   -3.56
234.5,   -3.45
234.6,   -3.11
234.7,   -3.34
234.9,   -3.37
235.0,   -3.22
235.1,   -3.19
235.2,   -3.16
235.3,   -3.03
235.4,   -2.55
235.5,   -2.61
235.6,   -2.64
235.7,   -2.96
235.9,   -2.81
236.0,   -2.24
236.1,   -2.08
236.2,   -1.93
236.3,   -1.86
236.4,   -1.84
236.5,   -2.29
236.6,   -2.71
236.7,   -2.48
236.9,   -2.82
237.0,   -3.15
237.1,   -3.01
237.2,   -3.34
237.3,   -3.64
237.4,   -3.93
237.5,   -3.44
237.6,   -3.51
237.7,   -3.69
237.9,   -3.11
238.0,   -3.00
238.1,   -2.87
238.2,   -2.90
238.3,   -2.89
238.4,   -3.05
238.5,   -2.73
238.6,   -3.23
238.8,   -3.36
238.9,   -3.29
239.0,   -3.43
239.1,   -3.86
239.2,   -3.76
239.3,   -3.89
239.4,   -4.51
239.5,   -4.55
239.6,   -4.13
239.8,   -3.89
239.9,   -3.56
240.0,   -3.22
240.1,   -3.40
240.2,   -3.76
240.3,   -4.07
240.4,   -3.66
240.5,   -3.95
240.6,   -4.26
240.8,   -3.92
240.9,   -3.94
241.0,   -5.20
241.1,   -4.92
241.2,   -4.90
241.3,   -4.21
241.4,   -3.90
241.5,   -4.08
241.6,   -4.32
241.8,   -4.24
241.9,   -4.27
242.0,   -4.46
242.1,   -4.40
242.2,   -4.04
242.3,   -4.20
242.4,   -3.41
242.5,   -3.23
242.6,   -3.41
242.8,   -3.85
242.9,   -4.09
243.0,   -3.92
243.1,   -4.31
243.2,   -4.52
243.3,   -4.29
243.4,   -4.35
243.5,   -4.27
243.7,   -4.62
243.8,   -4.73
243.9,   -4.71
244.0,   -5.08
244.1,   -5.62
244.2,   -6.17
244.3,   -6.11
244.4,   -5.98
244.5,   -5.84
244.7,   -5.53
244.8,   -4.70
244.9,   -4.31
245.0,   -4.08
245.1,   -4.62
245.2,   -5.11
245.3,   -5.23
245.4,   -5.04
245.5,   -4.96
245.7,   -4.96
245.8,   -4.23
245.9,   -4.00
246.0,   -3.77
246.1,   -3.75
246.2,   -3.98
246.3,   -4.58
246.4,   -4.91
246.5,   -5.05
246.7,   -5.00
246.8,   -4.50
246.9,   -4.52
247.0,   -4.85
247.1,   -5.05
247.2,   -4.94
247.3,   -4.67
247.4,   -4.55
247.5,   -4.42
247.7,   -4.92
247.8,   -4.75
247.9,   -4.64
248.0,   -4.44
248.1,   -4.18
248.2,   -4.64
248.3,   -5.10
248.4,   -5.14
248.5,   -5.15
248.7,   -5.74
248.8,   -5.88
248.9,   -5.80
249.0,   -5.66
249.1,   -6.17
249.2,   -6.31
249.3,   -6.11
249.4,   -5.63
249.6,   -5.46
249.7,   -4.87
249.8,   -4.59
249.9,   -4.88
250.0,   -5.64
250.1,   -5.94
250.2,   -6.23
250.3,   -6.42
250.4,   -6.65
250.6,   -6.64
250.7,   -6.79
250.8,   -7.16
250.9,   -7.10
251.0,   -6.90
251.1,   -6.73
251.2,   -6.64
251.3,   -6.87
251.4,   -6.93
251.6,   -6.19
251.7,   -5.81
251.8,   -5.50
251.9,   -5.65
252.0,   -5.67
252.1,   -5.52
252.2,   -5.37
252.3,   -5.23
252.4,   -5.09
252.6,   -4.85
252.7,   -4.89
252.8,   -5.18
252.9,   -5.20
253.0,   -5.00
253.1,   -5.94
253.2,   -6.18
253.3,   -6.59
253.4,   -6.45
253.6,   -6.11
253.7,   -5.97
253.8,   -5.52
253.9,   -5.98
254.0,   -6.20
254.1,   -5.90
254.2,   -6.65
254.3,   -7.44
254.5,   -7.67
254.6,   -7.80
254.7,   -7.93
254.8,   -8.20
254.9,   -8.22
255.0,   -8.56
255.1,   -8.01
255.2,   -7.88
255.3,   -7.84
255.5,   -7.50
255.6,   -7.60
255.7,   -7.51
255.8,   -7.64
255.9,   -7.41
256.0,   -2.07
256.1,   -8.54
256.2,   -8.16
256.3,   -7.40
256.5,   -7.72
256.6,   -7.96
256.7,   -7.48
256.8,   -7.03
256.9,   -7.47
257.0,   -7.22
257.1,   -6.95
257.2,   -7.17
257.3,   -7.44
257.5,   -8.24
257.6,   -8.23
257.7,   -7.58
257.8,   -7.25
257.9,   -7.39
258.0,   -7.82
258.1,   -8.11
258.2,   -7.91
258.3,   -7.41
258.5,   -7.21
258.6,   -7.28
258.7,   -7.77
258.8,   -7.56
258.9,   -7.13
259.0,   -7.13
259.1,   -7.38
259.2,   -7.90
259.3,   -7.91
259.5,   -7.69
259.6,   -7.36
259.7,   -6.75
259.8,   -7.42
259.9,   -7.87
260.0,   -7.12
260.1,   -7.33
260.2,   -7.41
260.4,   -1.72
260.5,   -8.44
260.6,   -8.62
260.7,   -8.67
260.8,   -8.28
260.9,   -8.75
261.0,   -9.56
261.1,   -8.63
261.2,   -8.79
261.4,  -14.91
261.5,   -7.43
261.6,   -7.63
261.7,   -8.28
261.8,   -8.25
261.9,   -8.47
262.0,   -9.12
262.1,   -8.47
262.2,   -8.02
262.4,   -8.65
262.5,   -8.74
262.6,   -8.53
262.7,   -9.43
262.8,   -9.56
262.9,   -8.97
263.0,   -8.18
263.1,   -8.65
263.2,   -8.25
263.4,   -7.77
263.5,   -8.36
263.6,   -8.92
263.7,  -15.31
263.8,   -9.04
263.9,   -9.67
264.0,   -9.06
264.1,   -8.89
264.2,   -9.18
264.4,   -2.06
264.5,   -8.80
264.6,   -8.04
264.7,   -8.45
264.8,   -9.24
264.9,   -9.40
265.0,   -9.78
265.1,   -9.99
265.3,   -9.67
265.4,   -9.85
265.5,  -10.28
265.6,   -9.51
265.7,   -8.20
265.8,   -8.90
265.9,  -10.24
266.0,   -9.62
266.1,   -8.88
266.3,   -8.33
266.4,   -2.26
266.5,  -10.55
266.6,  -11.55
266.7,  -10.92
266.8,  -10.94
266.9,  -11.13
267.0,  -11.36
267.1,  -10.74
267.3,   -9.68
267.4,  -10.20
267.5,  -11.01
267.6,  -11.59
267.7,  -11.30
267.8,  -11.52
267.9,  -11.85
268.0,  -12.01
268.1,  -11.99
268.3,  -11.52
268.4,  -17.80
268.5,  -10.82
268.6,  -10.13
268.7,  -10.45
268.8,  -10.18
268.9,  -10.05
269.0,   -9.78
269.1,   -9.42
269.3,   -9.60
269.4,   -9.77
269.5,   -9.97
269.6,  -10.08
269.7,  -10.00
269.8,  -10.39
269.9,  -10.23
270.0,   -3.11
270.1,   -8.76
270.3,   -9.60
270.4,  -10.49
270.5,  -10.71
270.6,  -10.13
270.7,  -10.46
270.8,  -10.95
270.9,   -3.47
271.0,  -10.68
271.2,  -10.44
271.3,  -10.74
271.4,  -11.25
271.5,  -11.74
271.6,  -11.79
271.7,  -11.79
271.8,  -11.55
271.9,  -12.08
272.0,  -12.06
272.2,  -11.73
272.3,  -11.60
272.4,  -12.01
272.5,  -12.57
272.6,  -12.79
272.7,  -12.47
272.8,  -12.04
272.9,  -12.32
273.0,  -12.80
273.2,  -12.42
273.3,  -12.54
273.4,  -12.76
273.5,  -12.66
273.6,  -11.80
273.7,  -17.86
273.8,  -12.52
273.9,  -12.98
274.0,  -13.34
274.2,  -13.15
274.3,  -12.66
274.4,  -12.61
274.5,  -12.66
274.6,  -12.58
274.7,  -12.39
274.8,  -12.95
274.9,  -18.58
275.0,  -12.11
275.2,  -12.00
275.3,  -11.98
275.4,  -12.17
275.5,  -12.29
275.6,  -12.64
275.7,  -12.55
275.8,  -12.42
275.9,  -11.70
276.1,  -11.58
276.2,  -11.22
276.3,  -11.94
276.4,  -12.68
276.5,  -12.67
276.6,  -12.36
276.7,  -12.40
276.8,  -12.65
276.9,  -12.47
277.1,  -12.88
277.2,  -13.25
277.3,  -13.57
277.4,  -14.06
277.5,  -13.24
277.6,  -12.18
277.7,  -12.17
277.8,  -12.24
277.9,  -12.31
278.1,  -12.55
278.2,  -12.50
278.3,  -12.18
278.4,  -12.22
278.5,  -12.72
278.6,  -12.74
278.7,  -12.71
278.8,  -13.23
278.9,  -12.80
279.1,  -12.74
279.2,  -12.93
279.3,  -12.75
279.4,  -12.54
279.5,  -13.30
279.6,  -13.78
279.7,  -13.41
279.8,  -14.62
279.9,  -19.89
280.1,  -14.49
280.2,  -13.50
280.3,  -13.38
280.4,  -13.81
280.5,  -13.62
280.6,  -12.65
280.7,  -12.39
280.8,  -13.00
280.9,  -13.43
281.1,  -13.70
281.2,  -13.81
281.3,  -13.11
281.4,  -12.70
281.5,  -12.83
281.6,  -13.36
281.7,  -13.63
281.8,  -13.12
282.0,  -13.13
282.1,  -13.52
282.2,  -14.09
282.3,  -13.33
282.4,  -12.92
282.5,  -12.81
282.6,  -13.04
282.7,  -13.26
282.8,  -13.38
283.0,  -13.20
283.1,  -13.37
283.2,  -13.33
283.3,  -13.59
283.4,  -14.49
283.5,  -15.03
283.6,  -14.36
283.7,  -14.21
283.8,  -14.21
284.0,  -14.08
284.1,  -13.47
284.2,  -13.59
284.3,  -14.06
284.4,  -14.38
284.5,  -14.98
284.6,  -15.62
284.7,  -15.70
284.8,  -16.26
285.0,  -16.49
285.1,  -16.06
285.2,  -15.28
285.3,  -14.88
285.4,  -15.16
285.5,  -15.47
285.6,  -15.68
285.7,  -15.38
285.8,  -14.76
286.0,  -14.57
286.1,  -14.60
286.2,  -14.86
286.3,  -14.57
286.4,  -14.26
286.5,  -14.34
286.6,  -14.89
286.7,  -15.29
286.9,  -14.57
287.0,  -14.79
287.1,  -15.29
287.2,  -17.44
287.3,  -20.89
287.4,  -15.24
287.5,  -15.99
287.6,  -16.56
287.7,  -16.82
287.9,  -16.32
288.0,  -16.11
288.1,  -16.08
288.2,  -15.99
288.3,  -15.89
288.4,  -16.35
288.5,  -16.56
288.6,  -15.80
288.7,  -15.19
288.9,  -15.52
289.0,  -16.59
289.1,  -16.83
289.2,  -16.69
289.3,  -17.19
289.4,  -17.00
289.5,  -16.80
289.6,  -17.42
289.7,  -18.04
289.9,  -19.62
290.0,  -22.33
290.1,  -17.27
290.2,  -17.51
290.3,  -17.58
290.4,  -17.81
290.5,  -17.67
290.6,  -18.22
290.7,  -18.07
290.9,  -18.04
291.0,  -17.54
291.1,  -17.21
291.2,  -16.80
291.3,  -16.44
291.4,  -16.28
291.5,  -17.13
291.6,  -17.91
291.7,  -17.85
291.9,  -17.62
292.0,  -17.96
292.1,  -18.38
292.2,  -18.93
292.3,  -18.73
292.4,  -18.54
292.5,  -18.24
292.6,  -17.49
292.8,  -17.09
292.9,  -17.47
293.0,  -17.38
293.1,  -17.06
293.2,  -17.11
293.3,  -17.89
293.4,  -18.35
293.5,  -18.89
293.6,  -18.85
293.8,  -18.89
293.9,  -19.01
294.0,  -18.76
294.1,  -18.53
294.2,  -18.91
294.3,  -19.28
294.4,  -19.29
294.5,  -21.30
294.6,  -23.70
294.8,  -18.16
294.9,  -18.17
295.0,  -18.59
295.1,  -18.74
295.2,  -16.79
295.3,  -14.43
295.4,  -18.86
295.5,  -18.92
295.6,  -19.05
295.8,  -18.72
295.9,  -18.85
296.0,  -18.74
296.1,  -18.48
296.2,  -18.75
296.3,  -19.13
296.4,  -19.47
296.5,  -19.13
296.6,  -19.99
296.8,  -20.43
296.9,  -20.18
297.0,  -20.28
297.1,  -20.85
297.2,  -20.94
297.3,  -20.61
297.4,  -20.08
297.5,  -19.49
297.7,  -19.80
297.8,  -20.78
297.9,  -21.35
298.0,  -21.29
298.1,  -20.96
298.2,  -20.79
298.3,  -20.86
298.4,  -20.91
298.5,  -21.22
298.7,  -20.88
298.8,  -20.26
298.9,  -19.02
299.0,  -18.88
299.1,  -19.04
299.2,  -19.13
299.3,  -19.48
299.4,  -20.05
299.5,  -20.01
299.7,  -20.21
299.8,  -20.41
299.9,  -20.68
300.0,  -21.20
300.1,  -21.61
300.2,  -21.68
300.3,  -21.45
300.4,  -21.37
300.5,  -21.20
300.7,  -21.02
300.8,  -20.81
300.9,  -20.73
301.0,  -21.17
301.1,  -21.96
301.2,  -22.58
301.3,  -22.64
301.4,  -22.45
301.5,  -21.95
301.7,  -22.06
301.8,  -21.91
301.9,  -21.67
302.0,  -21.92
302.1,  -22.05
302.2,  -22.66
302.3,  -22.56
302.4,  -21.85
302.5,  -21.08
302.7,  -20.46
302.8,  -20.87
302.9,  -21.34
303.0,  -21.34
303.1,  -21.78
303.2,  -22.26
303.3,  -22.29
303.4,  -22.12
303.6,  -22.35
303.7,  -22.29
303.8,  -21.88
303.9,  -21.49
304.0,  -21.71
304.1,  -21.69
304.2,  -21.78
304.3,  -22.84
304.4,  -23.20
304.6,  -22.81
304.7,  -22.78
304.8,  -22.84
304.9,  -22.97
305.0,  -23.27
305.1,  -23.18
305.2,  -23.23
305.3,  -23.59
305.4,  -23.40
305.6,  -22.65
305.7,  -22.77
305.8,  -22.96
305.9,  -23.00
306.0,  -23.03
306.1,  -23.02
306.2,  -22.84
306.3,  -22.93
306.4,  -23.59
306.6,  -23.98
306.7,  -23.64
306.8,  -23.98
306.9,  -24.16
307.0,  -24.51
307.1,  -24.07
307.2,  -24.09
307.3,  -24.71
307.4,  -24.75
307.6,  -24.26
307.7,  -23.91
307.8,  -23.77
307.9,  -23.77
308.0,  -24.01
308.1,  -24.08
308.2,  -24.42
308.3,  -24.37
308.5,  -24.16
308.6,  -23.94
308.7,  -23.30
308.8,  -23.48
308.9,  -23.87
309.0,  -24.15
309.1,  -23.88
309.2,  -23.39
309.3,  -22.92
309.5,  -23.03
309.6,  -23.24
309.7,  -23.45
309.8,  -23.29
309.9,  -23.28
310.0,  -23.41
310.1,  -23.27
310.2,  -23.56
310.3,  -23.90
310.5,  -24.13
310.6,  -24.17
310.7,  -24.85
310.8,  -25.33
310.9,  -25.78
311.0,  -26.27
311.1,  -26.19
311.2,  -26.14
311.3,  -26.29
311.5,  -26.03
311.6,  -25.79
311.7,  -25.77
311.8,  -25.47
311.9,  -25.37
312.0,  -25.76
312.1,  -25.44
312.2,  -25.58
312.3,  -25.04
312.5,  -24.81
312.6,  -25.53
312.7,  -25.76
312.8,  -25.89
312.9,  -25.76
313.0,  -25.21
313.1,  -24.63
313.2,  -24.37
313.3,  -24.42
313.5,  -24.80
313.6,  -24.92
313.7,  -25.04
313.8,  -25.64
313.9,  -26.03
314.0,  -25.86
314.1,  -25.75
314.2,  -25.42
314.4,  -25.17
314.5,  -25.15
314.6,  -25.21
314.7,  -24.75
314.8,  -24.80
314.9,  -25.18
315.0,  -25.98
315.1,  -26.19
315.2,  -25.79
315.4,  -25.60
315.5,  -25.61
315.6,  -25.50
315.7,  -24.15
315.8,  -20.29
315.9,  -25.99
316.0,  -25.99
316.1,  -26.01
316.2,  -25.87
316.4,  -25.97
316.5,  -26.02
316.6,  -27.09
316.7,  -26.72
316.8,  -26.10
316.9,  -26.14
317.0,  -26.30
317.1,  -26.63
317.2,  -27.21
317.4,  -28.19
317.5,  -28.34
317.6,  -27.55
317.7,  -25.26
317.8,  -21.87
317.9,  -27.89
318.0,  -28.03
318.1,  -28.30
318.2,  -28.19
318.4,  -28.05
318.5,  -27.51
318.6,  -26.45
318.7,  -26.43
318.8,  -27.02
318.9,  -27.33
319.0,  -28.57
319.1,  -32.34
319.2,  -26.98
319.4,  -26.73
319.5,  -26.94
319.6,  -27.09
319.7,  -27.76
319.8,  -28.11
319.9,  -28.45
320.0,  -27.74
320.1,  -27.22
320.3,  -27.05
320.4,  -27.99
320.5,  -27.98
320.6,  -27.79
320.7,  -27.75
320.8,  -28.05
320.9,  -28.47
321.0,  -28.97
321.1,  -29.10
321.3,  -28.85
321.4,  -28.83
321.5,  -29.14
321.6,  -29.02
321.7,  -29.20
321.8,  -28.23
321.9,  -27.35
322.0,  -27.33
322.1,  -27.92
322.3,  -28.01
322.4,  -28.41
322.5,  -28.94
322.6,  -28.79
322.7,  -28.10
322.8,  -28.15
322.9,  -28.26
323.0,  -27.81
323.1,  -27.84
323.3,  -28.31
323.4,  -28.67
323.5,  -28.63
323.6,  -29.13
323.7,  -29.25
323.8,  -29.38
323.9,  -29.47
324.0,  -29.63
324.1,  -29.54
324.3,  -29.08
324.4,  -29.10
324.5,  -29.10
324.6,  -29.25
324.7,  -29.26
324.8,  -29.09
324.9,  -29.27
325.0,  -28.93
325.2,  -28.44
325.3,  -27.95
325.4,  -27.99
325.5,  -28.76
325.6,  -29.49
325.7,  -28.87
325.8,  -28.37
325.9,  -28.45
326.0,  -28.54
326.2,  -28.42
326.3,  -28.13
326.4,  -27.77
326.5,  -27.43
326.6,  -27.63
326.7,  -28.78
326.8,  -29.55
326.9,  -29.73
327.0,  -29.67
327.2,  -29.84
327.3,  -29.95
327.4,  -29.94
327.5,  -30.26
327.6,  -30.20
327.7,  -29.87
327.8,  -29.70
327.9,  -29.67
328.0,  -29.36
328.2,  -29.44
328.3,  -29.99
328.4,  -30.53
328.5,  -30.94
328.6,  -31.17
328.7,  -31.56
328.8,  -31.52
328.9,  -30.57
329.0,  -30.34
329.2,  -30.29
329.3,  -30.06
329.4,  -29.65
329.5,  -29.71
329.6,  -30.10
329.7,  -29.87
329.8,  -29.62
329.9,  -29.37
330.0,  -28.47
330.2,  -28.12
330.3,  -28.63
330.4,  -29.06
330.5,  -29.52
330.6,  -30.21
330.7,  -30.41
330.8,  -30.04
330.9,  -30.20
331.1,  -30.25
331.2,  -30.74
331.3,  -31.33
331.4,  -31.16
331.5,  -30.72
331.6,  -30.48
331.7,  -29.49
331.8,  -29.10
331.9,  -30.23
332.1,  -30.83
332.2,  -30.63
332.3,  -30.09
332.4,  -30.53
332.5,  -30.46
332.6,  -30.18
332.7,  -30.53
332.8,  -31.61
332.9,  -31.28
333.1,  -30.46
333.2,  -30.17
333.3,  -30.57
333.4,  -31.02
333.5,  -31.39
333.6,  -31.08
333.7,  -30.56
333.8,  -30.70
333.9,  -30.40
334.1,  -30.33
334.2,  -30.24
334.3,  -30.19
334.4,  -30.12
334.5,  -31.02
334.6,  -32.18
334.7,  -32.69
334.8,  -32.48
334.9,  -32.14
335.1,  -31.82
335.2,  -31.86
335.3,  -31.96
335.4,  -32.46
335.5,  -32.05
335.6,  -31.94
335.7,  -31.27
335.8,  -30.49
336.0,  -29.66
336.1,  -29.63
336.2,  -30.28
336.3,  -30.66
336.4,  -31.68
336.5,  -31.86
336.6,  -31.22
336.7,  -31.20
336.8,  -31.74
337.0,  -31.93
337.1,  -31.68
337.2,  -31.63
337.3,  -31.94
337.4,  -31.91
337.5,  -32.36
337.6,  -32.38
337.7,  -32.31
337.8,  -32.23
338.0,  -32.32
338.1,  -31.84
338.2,  -31.37
338.3,  -31.99
338.4,  -33.15
338.5,  -33.00
338.6,  -32.29
338.7,  -32.08
338.8,  -32.49
339.0,  -32.45
339.1,  -32.14
339.2,  -31.75
339.3,  -31.25
339.4,  -31.67
339.5,  -31.96
339.6,  -32.24
339.7,  -31.89
339.8,  -31.97
340.0,  -32.11
340.1,  -32.06
340.2,  -32.27
340.3,  -32.64
340.4,  -32.50
340.5,  -31.87
340.6,  -31.90
340.7,  -32.65
340.8,  -32.71
341.0,  -32.26
341.1,  -32.36
341.2,  -32.42
341.3,  -32.02
341.4,  -31.34
341.5,  -31.00
341.6,  -31.34
341.7,  -32.03
341.9,  -32.47
342.0,  -31.97
342.1,  -31.91
342.2,  -32.18
342.3,  -32.19
342.4,  -32.92
342.5,  -32.95
342.6,  -32.62
342.7,  -32.02
342.9,  -31.73
343.0,  -31.39
343.1,  -30.54
343.2,  -30.42
343.3,  -30.48
343.4,  -30.78
343.5,  -30.79
343.6,  -31.27
343.7,  -31.94
343.9,  -32.43
344.0,  -32.38
344.1,  -32.49
344.2,  -31.54
344.3,  -31.85
344.4,  -32.97
344.5,  -33.24
344.6,  -32.98
344.7,  -32.58
344.9,  -32.35
345.0,  -32.30
345.1,  -32.18
345.2,  -32.02
345.3,  -32.17
345.4,  -32.03
345.5,  -31.72
345.6,  -31.94
345.7,  -32.71
345.9,  -32.87
346.0,  -32.18
346.1,  -31.53
346.2,  -31.83
346.3,  -31.93
346.4,  -32.40
346.5,  -32.11
346.6,  -31.96
346.8,  -31.97
346.9,  -31.77
347.0,  -31.69
347.1,  -31.34
347.2,  -31.91
347.3,  -32.36
347.4,  -32.41
347.5,  -31.79
347.6,  -31.86
347.8,  -32.10
347.9,  -32.00
348.0,  -32.21
348.1,  -32.45
348.2,  -32.81
348.3,  -32.58
348.4,  -32.44
348.5,  -32.34
348.6,  -32.35
348.8,  -31.77
348.9,  -31.85
349.0,  -32.55
349.1,  -33.67
349.2,  -34.36
349.3,  -33.58
349.4,  -32.19
349.5,  -32.25
349.6,  -32.70
349.8,  -33.09
349.9,  -33.80
350.0,  -34.29
350.1,  -34.47
350.2,  -34.32
350.3,  -34.37
350.4,  -34.47
350.5,  -34.16
350.6,  -33.83
350.8,  -33.82
350.9,  -33.46
351.0,  -34.06
351.1,  -34.86
351.2,  -34.76
351.3,  -34.95
351.4,  -34.77
351.5,  -34.39
351.6,  -34.06
351.8,  -33.75
351.9,  -33.62
352.0,  -33.42
352.1,  -33.03
352.2,  -33.35
352.3,  -33.41
352.4,  -33.36
352.5,  -33.25
352.7,  -33.51
352.8,  -33.84
352.9,  -34.40
353.0,  -34.45
353.1,  -33.60
353.2,  -33.35
353.3,  -32.98
353.4,  -32.87
353.5,  -33.12
353.7,  -33.47
353.8,  -33.27
353.9,  -34.14
354.0,  -34.67
354.1,  -34.23
354.2,  -34.10
354.3,  -34.84
354.4,  -34.84
354.5,  -34.23
354.7,  -34.33
354.8,  -34.52
354.9,  -34.76
355.0,  -35.18
355.1,  -34.97
355.2,  -35.36
355.3,  -34.76
355.4,  -34.69
355.5,  -34.64
355.7,  -34.14
355.8,  -34.58
355.9,  -34.86
356.0,  -34.92
356.1,  -35.06
356.2,  -34.80
356.3,  -35.19
356.4,  -35.27
356.5,  -35.23
356.7,  -35.35
356.8,  -35.12
356.9,  -34.53
357.0,  -34.55
357.1,  -34.18
357.2,  -34.49
357.3,  -35.29
357.4,  -36.36
357.6,  -36.21
357.7,  -36.14
357.8,  -35.71
357.9,  -35.46
358.0,  -35.56
358.1,  -36.19
358.2,  -35.63
358.3,  -35.74
358.4,  -35.42
358.6,  -35.69
358.7,  -36.37
358.8,  -36.72
358.9,  -36.21
359.0,  -35.51
359.1,  -35.63
359.2,  -35.34
359.3,  -34.73
359.4,  -34.84
359.6,  -35.26
359.7,  -35.04
359.8,  -34.55
359.9,  -34.98
