-20.0,   -0.30
-19.9,   -1.08
-19.8,   -1.26
-19.7,   -0.54
-19.6,    0.15
-19.4,   -0.05
-19.3,    0.10
-19.2,    0.92
-19.1,    1.38
-19.0,    0.64
-18.9,   -0.05
-18.8,   -0.64
-18.7,   -0.26
-18.6,    0.95
-18.4,    1.67
-18.3,    1.55
-18.2,    0.83
-18.1,    0.25
-18.0,   -0.17
-17.9,   -1.03
-17.8,   -1.25
-17.7,   -1.00
-17.5,   -0.38
-17.4,   -0.64
-17.3,   -0.40
-17.2,   -0.26
-17.1,   -0.21
-17.0,   -0.02
-16.9,    0.33
-16.8,    0.29
-16.7,    0.45
-16.5,   -0.10
-16.4,   -0.54
-16.3,   -0.76
-16.2,   -1.09
-16.1,   -0.73
-16.0,   -0.36
-15.9,    0.30
-15.8,    0.30
-15.7,    0.42
-15.5,    0.79
-15.4,    0.52
-15.3,    0.14
-15.2,    0.05
-15.1,   -0.75
-15.0,   -0.59
-14.9,   -0.92
-14.8,   -0.06
-14.7,    0.07
-14.5,   -0.38
-14.4,   -0.39
-14.3,   -0.24
-14.2,    0.58
-14.1,    0.33
-14.0,    0.35
-13.9,    0.05
-13.8,    0.11
-13.6,    0.09
-13.5,   -0.51
-13.4,   -0.25
-13.3,   -0.10
-13.2,    0.58
-13.1,    1.62
-13.0,    1.41
-12.9,    0.50
-12.8,    0.70
-12.6,   -0.09
-12.5,   -0.29
-12.4,    0.04
-12.3,    0.62
-12.2,    0.70
-12.1,    0.59
-12.0,    0.24
-11.9,   -0.56
-11.8,   -0.57
-11.6,   -0.49
-11.5,   -0.15
-11.4,    0.25
-11.3,    0.19
-11.2,   -0.27
-11.1,   -0.64
-11.0,   -0.77
-10.9,   -0.87
-10.8,   -0.74
-10.6,   -0.61
-10.5,   -0.96
-10.4,   -0.73
-10.3,   -0.54
-10.2,   -0.09
-10.1,   -0.37
-10.0,   -0.46
 -9.9,   -0.28
 -9.8,    0.32
 -9.6,    0.20
 -9.5,   -0.37
 -9.4,   -0.40
 -9.3,    0.54
 -9.2,    0.44
 -9.1,    0.00
 -9.0,    0.15
 -8.9,    0.06
 -8.7,   -0.28
 -8.6,   -0.07
 -8.5,    0.37
 -8.4,   -0.08
 -8.3,   -0.30
 -8.2,   -0.01
 -8.1,    0.62
 -8.0,    0.59
 -7.9,    0.22
 -7.7,    0.02
 -7.6,   -0.34
 -7.5,   -0.64
 -7.4,   -0.42
 -7.3,   -0.33
 -7.2,   -0.67
 -7.1,   -0.57
 -7.0,   -0.87
 -6.9,   -0.86
 -6.7,   -0.51
 -6.6,    0.09
 -6.5,   -0.36
 -6.4,   -0.78
 -6.3,   -0.61
 -6.2,   -0.29
 -6.1,    0.75
 -6.0,    0.94
 -5.9,    0.58
 -5.7,    0.21
 -5.6,    0.39
 -5.5,    0.38
 -5.4,    0.91
 -5.3,    1.04
 -5.2,    0.79
 -5.1,    0.01
 -5.0,   -0.29
 -4.8,   -0.18
 -4.7,   -0.14
 -4.6,    0.30
 -4.5,    0.69
 -4.4,    1.50
 -4.3,    1.79
 -4.2,    1.40
 -4.1,    0.67
 -4.0,    0.36
 -3.8,    0.60
 -3.7,    0.35
 -3.6,    0.31
 -3.5,    0.58
 -3.4,    1.24
 -3.3,    0.38
 -3.2,    0.01
 -3.1,    0.43
 -3.0,    0.92
 -2.8,    1.45
 -2.7,    1.30
 -2.6,    0.92
 -2.5,    0.52
 -2.4,    0.58
 -2.3,    0.92
 -2.2,    1.09
 -2.1,    1.83
 -2.0,    2.11
 -1.8,    1.95
 -1.7,    2.21
 -1.6,    2.17
 -1.5,    2.09
 -1.4,    1.29
 -1.3,    0.53
 -1.2,    0.26
 -1.1,    0.01
 -0.9,    0.32
 -0.8,    0.91
 -0.7,    4.75
 -0.6,    3.49
 -0.5,   -1.15
 -0.4,   -2.73
 -0.3,    0.64
 -0.2,    2.95
 -0.1,   -2.50
  0.1,    0.54
  0.2,   -4.68
  0.3,  -11.65
  0.4,  -12.96
  0.5,  -12.37
  0.6,  -11.66
  0.7,  -10.89
  0.8,  -11.01
  0.9,  -11.13
  1.1,  -11.38
  1.2,  -10.90
  1.3,  -10.22
  1.4,  -10.50
  1.5,  -10.95
  1.6,  -11.07
  1.7,  -11.11
  1.8,  -11.35
  1.9,  -12.10
  2.1,  -12.86
  2.2,  -13.11
  2.3,  -13.15
  2.4,  -13.07
  2.5,  -12.92
  2.6,  -13.34
  2.7,  -13.73
  2.8,  -13.84
  2.9,  -13.91
  3.1,  -14.12
  3.2,  -14.67
  3.3,  -14.85
  3.4,  -14.22
  3.5,  -13.71
  3.6,  -13.28
  3.7,  -13.39
  3.8,  -13.73
  4.0,  -13.90
  4.1,  -14.00
  4.2,  -13.92
  4.3,  -15.50
  4.4,  -18.21
  4.5,  -21.62
  4.6,  -13.89
  4.7,  -14.47
  4.8,  -15.53
  5.0,  -12.66
  5.1,  -13.69
  5.2,  -15.12
  5.3,   -9.56
  5.4,   -7.38
  5.5,   -7.63
  5.6,   -8.63
  5.7,   -9.92
  5.8,  -10.29
  6.0,  -10.24
  6.1,  -11.14
  6.2,  -11.98
  6.3,  -13.20
  6.4,  -14.32
  6.5,  -14.98
  6.6,  -15.57
  6.7,  -16.48
  6.8,  -17.47
  7.0,  -18.92
  7.1,  -20.17
  7.2,  -20.78
  7.3,  -21.38
  7.4,  -22.51
  7.5,  -24.45
  7.6,  -26.38
  7.7,  -28.22
  7.9,  -30.42
  8.0,  -32.06
  8.1,  -34.19
  8.2,  -35.98
  8.3,  -37.07
  8.4,  -38.92
  8.5,  -41.44
  8.6,  -43.67
  8.7,  -49.30
  8.9,  -52.16
  9.0,  -50.07
  9.1,  -51.88
  9.2,  -49.89
  9.3,  -52.80
  9.4,  -58.52
  9.5,  -60.60
  9.6,  -61.93
  9.7,  -63.06
  9.9,  -65.35
 10.0,  -66.97
 10.1,  -69.30
 10.2,  -71.41
 10.3,  -73.02
 10.4,  -74.92
 10.5,  -76.07
 10.6,  -76.94
 10.7,  -78.37
 10.9,  -80.17
 11.0,  -81.33
 11.1,  -82.65
 11.2,  -84.31
 11.3,  -85.69
 11.4,  -86.67
 11.5,  -87.29
 11.6,  -84.30
 11.8,  -86.79
 11.9,  -91.15
 12.0,  -92.10
 12.1,  -92.78
 12.2,  -93.01
 12.3,  -93.83
 12.4,  -94.15
 12.5,  -94.35
 12.6,  -94.89
 12.8,  -94.92
 12.9,  -94.39
 13.0,  -93.53
 13.1,  -93.67
 13.2,  -94.20
 13.3,  -94.00
 13.4,  -93.72
 13.5,  -92.58
 13.6,  -92.03
 13.8,  -91.16
 13.9,  -90.47
 14.0,  -90.18
 14.1,  -89.18
 14.2,  -88.47
 14.3,  -88.49
 14.4,  -87.87
 14.5,  -87.59
 14.6,  -87.19
 14.8,  -86.24
 14.9,  -84.85
 15.0,  -88.49
 15.1,  -85.69
 15.2,  -82.97
 15.3,  -82.27
 15.4,  -81.25
 15.5,  -80.72
 15.6,  -80.06
 15.8,  -78.81
 15.9,  -77.68
 16.0,  -76.88
 16.1,  -76.08
 16.2,  -74.66
 16.3,  -73.82
 16.4,  -73.28
 16.5,  -72.06
 16.7,  -71.28
 16.8,  -70.90
 16.9,  -69.91
 17.0,  -68.78
 17.1,  -67.35
 17.2,  -65.71
 17.3,  -64.95
 17.4,  -64.38
 17.5,  -64.09
 17.7,  -63.60
 17.8,  -62.50
 17.9,  -61.49
 18.0,  -60.91
 18.1,  -59.99
 18.2,  -59.09
 18.3,  -58.35
 18.4,  -57.63
 18.5,  -57.02
 18.7,  -56.38
 18.8,  -55.30
 18.9,  -53.96
 19.0,  -52.63
 19.1,  -51.28
 19.2,  -50.66
 19.3,  -50.46
 19.4,  -49.90
 19.5,  -49.39
 19.7,  -48.82
 19.8,  -47.38
 19.9,  -46.75
 20.0,  -46.55
 20.1,  -44.86
 20.2,  -50.08
 20.3,  -41.86
 20.4,  -40.70
 20.6,  -39.94
 20.7,  -39.35
 20.8,  -38.51
 20.9,  -37.17
 21.0,  -36.25
 21.1,  -35.71
 21.2,  -34.66
 21.3,  -33.63
 21.4,  -32.94
 21.6,  -32.03
 21.7,  -36.21
 21.8,  -31.61
 21.9,  -29.08
 22.0,  -28.05
 22.1,  -27.40
 22.2,  -26.99
 22.3,  -31.57
 22.4,  -27.28
 22.6,  -24.48
 22.7,  -23.97
 22.8,  -23.20
 22.9,  -21.39
 23.0,  -20.08
 23.1,  -20.03
 23.2,  -19.67
 23.3,  -18.68
 23.4,  -21.96
 23.6,  -17.08
 23.7,  -13.52
 23.8,  -11.92
 23.9,  -10.82
 24.0,  -10.23
 24.1,   -9.42
 24.2,   -8.38
 24.3,   -8.08
 24.5,   -7.34
 24.6,   -6.59
 24.7,   -5.09
 24.8,   -3.56
 24.9,   -2.64
 25.0,   -2.18
 25.1,   -1.46
 25.2,    0.01
 25.3,    0.83
 25.5,    1.39
 25.6,    1.86
 25.7,    2.63
 25.8,    3.67
 25.9,    4.67
 26.0,    5.74
 26.1,    6.64
 26.2,    8.19
 26.3,   10.30
 26.5,   11.25
 26.6,   12.15
 26.7,   12.91
 26.8,   13.87
 26.9,   15.02
 27.0,   16.39
 27.1,   17.26
 27.2,   18.17
 27.3,   19.13
 27.5,   20.52
 27.6,   22.04
 27.7,   23.31
 27.8,   24.08
 27.9,   25.79
 28.0,   26.94
 28.1,   27.65
 28.2,   27.96
 28.3,   29.41
 28.5,   30.72
 28.6,   31.05
 28.7,   31.91
 28.8,   32.96
 28.9,   26.94
 29.0,   34.71
 29.1,   36.09
 29.2,   37.51
 29.4,   38.03
 29.5,   38.69
 29.6,   40.00
 29.7,   41.70
 29.8,   43.15
 29.9,   44.45
 30.0,   45.13
 30.1,   46.23
 30.2,   47.82
 30.4,   49.01
 30.5,   50.22
 30.6,   51.18
 30.7,   52.10
 30.8,   53.18
 30.9,   53.66
 31.0,   54.28
 31.1,   55.02
 31.2,   56.15
 31.4,   50.44
 31.5,   57.90
 31.6,   58.56
 31.7,   52.52
 31.8,   60.23
 31.9,   61.09
 32.0,   61.11
 32.1,   62.41
 32.2,   63.55
 32.4,   64.23
 32.5,   65.60
 32.6,   66.15
 32.7,   66.54
 32.8,   67.67
 32.9,   68.74
 33.0,   69.90
 33.1,   70.42
 33.3,   70.92
 33.4,   71.71
 33.5,   72.53
 33.6,   73.06
 33.7,   73.64
 33.8,   74.45
 33.9,   75.71
 34.0,   76.22
 34.1,   70.84
 34.3,   75.93
 34.4,   77.93
 34.5,   78.52
 34.6,   79.24
 34.7,   79.57
 34.8,   80.39
 34.9,   81.68
 35.0,   81.61
 35.1,   82.07
 35.3,   82.27
 35.4,   82.97
 35.5,   83.74
 35.6,   84.26
 35.7,   84.87
 35.8,   85.95
 35.9,   85.95
 36.0,   86.67
 36.1,   87.43
 36.3,   88.76
 36.4,   89.17
 36.5,   89.34
 36.6,   90.17
 36.7,   90.89
 36.8,   91.78
 36.9,   92.31
 37.0,   93.09
 37.2,   93.95
 37.3,   94.22
 37.4,   94.71
 37.5,   95.43
 37.6,   95.60
 37.7,   95.61
 37.8,   96.14
 37.9,   97.14
 38.0,   97.00
 38.2,   97.08
 38.3,   97.32
 38.4,   97.83
 38.5,   97.86
 38.6,   98.34
 38.7,   93.07
 38.8,   99.75
 38.9,  107.21
 39.0,  100.44
 39.2,  100.59
 39.3,  100.56
 39.4,  100.76
 39.5,  101.57
 39.6,  102.13
 39.7,  103.01
 39.8,  103.26
 39.9,  104.05
 40.0,  104.17
 40.2,  104.31
 40.3,  104.48
 40.4,  105.74
 40.5,  106.03
 40.6,  106.31
 40.7,  106.58
 40.8,  106.54
 40.9,  106.55
 41.0,  106.96
 41.2,  107.67
 41.3,  107.25
 41.4,  107.14
 41.5,  108.25
 41.6,  108.18
 41.7,  108.21
 41.8,  108.98
 41.9,  109.88
 42.1,  109.28
 42.2,  109.43
 42.3,  109.38
 42.4,  109.65
 42.5,  109.90
 42.6,  110.51
 42.7,  110.49
 42.8,  111.29
 42.9,  111.30
 43.1,  110.96
 43.2,  111.50
 43.3,  111.56
 43.4,  111.25
 43.5,  110.98
 43.6,  111.26
 43.7,  111.99
 43.8,  112.71
 43.9,  112.37
 44.1,  112.07
 44.2,  112.45
 44.3,  112.98
 44.4,  113.92
 44.5,  113.63
 44.6,  114.19
 44.7,  114.23
 44.8,  114.99
 44.9,  115.05
 45.1,  114.64
 45.2,  114.30
 45.3,  113.47
 45.4,  113.31
 45.5,  113.91
 45.6,  114.02
 45.7,  113.30
 45.8,  113.01
 46.0,  112.94
 46.1,  113.20
 46.2,  114.19
 46.3,  114.67
 46.4,  114.88
 46.5,  114.70
 46.6,  114.63
 46.7,  115.21
 46.8,  115.60
 47.0,  115.90
 47.1,  116.08
 47.2,  116.99
 47.3,  117.39
 47.4,  116.87
 47.5,  116.15
 47.6,  115.97
 47.7,  116.13
 47.8,  116.40
 48.0,  116.65
 48.1,  116.62
 48.2,  116.52
 48.3,  116.89
 48.4,  117.10
 48.5,  116.90
 48.6,  116.92
 48.7,  116.87
 48.8,  116.65
 49.0,  115.85
 49.1,  115.41
 49.2,  115.72
 49.3,  116.13
 49.4,  116.35
 49.5,  116.29
 49.6,  115.93
 49.7,  116.04
 49.9,  116.37
 50.0,  117.02
 50.1,  117.13
 50.2,  116.29
 50.3,  115.75
 50.4,  115.75
 50.5,  115.94
 50.6,  116.50
 50.7,  116.76
 50.9,  116.91
 51.0,  116.64
 51.1,  116.50
 51.2,  116.83
 51.3,  117.15
 51.4,  117.68
 51.5,  117.95
 51.6,  116.93
 51.7,  116.43
 51.9,  116.27
 52.0,  116.11
 52.1,  116.26
 52.2,  115.88
 52.3,  115.71
 52.4,  115.68
 52.5,  116.00
 52.6,  116.35
 52.7,  116.46
 52.9,  116.01
 53.0,  115.92
 53.1,  115.56
 53.2,  115.47
 53.3,  115.58
 53.4,  116.01
 53.5,  116.54
 53.6,  116.88
 53.7,  116.38
 53.9,  115.89
 54.0,  116.24
 54.1,  116.07
 54.2,  116.29
 54.3,  115.80
 54.4,  115.08
 54.5,  114.27
 54.6,  113.78
 54.8,  114.19
 54.9,  114.77
 55.0,  114.71
 55.1,  114.66
 55.2,  114.61
 55.3,  114.37
 55.4,  113.97
 55.5,  113.99
 55.6,  113.68
 55.8,  113.23
 55.9,  113.27
 56.0,  113.56
 56.1,  113.54
 56.2,  113.11
 56.3,  112.89
 56.4,  113.21
 56.5,  113.87
 56.6,  113.95
 56.8,  114.00
 56.9,  114.16
 57.0,  113.79
 57.1,  113.41
 57.2,  113.20
 57.3,  113.12
 57.4,  113.09
 57.5,  112.81
 57.6,  112.61
 57.8,  111.70
 57.9,  111.53
 58.0,  112.03
 58.1,  112.07
 58.2,  111.46
 58.3,  110.85
 58.4,  110.63
 58.5,  110.43
 58.7,  109.93
 58.8,  109.67
 58.9,  109.00
 59.0,  108.96
 59.1,  108.85
 59.2,  108.71
 59.3,  108.30
 59.4,  108.66
 59.5,  108.98
 59.7,  109.00
 59.8,  108.65
 59.9,  108.23
 60.0,  107.83
 60.1,  107.55
 60.2,  107.88
 60.3,  107.87
 60.4,  107.75
 60.5,  107.73
 60.7,  107.58
 60.8,  107.09
 60.9,  106.84
 61.0,  107.18
 61.1,  107.24
 61.2,  106.88
 61.3,  105.91
 61.4,  105.29
 61.5,  105.51
 61.7,  105.52
 61.8,  105.05
 61.9,  104.41
 62.0,  103.55
 62.1,  103.27
 62.2,  103.13
 62.3,  103.08
 62.4,  102.92
 62.6,  102.67
 62.7,  102.00
 62.8,  101.89
 62.9,  101.83
 63.0,  101.59
 63.1,  101.04
 63.2,  100.69
 63.3,  101.28
 63.4,  101.57
 63.6,  101.04
 63.7,  101.09
 63.8,  100.91
 63.9,  100.87
 64.0,  100.55
 64.1,   99.85
 64.2,   99.82
 64.3,   99.68
 64.4,   99.44
 64.6,   98.46
 64.7,   98.36
 64.8,   98.18
 64.9,   97.76
 65.0,   97.97
 65.1,   97.82
 65.2,   97.40
 65.3,   97.26
 65.4,   96.76
 65.6,   96.00
 65.7,   96.09
 65.8,   95.98
 65.9,   96.09
 66.0,   95.80
 66.1,   95.82
 66.2,   96.25
 66.3,  102.88
 66.4,   94.88
 66.6,   94.09
 66.7,   94.28
 66.8,   94.04
 66.9,   93.60
 67.0,   93.38
 67.1,   93.82
 67.2,   93.78
 67.3,   92.82
 67.5,   92.28
 67.6,   92.25
 67.7,   92.20
 67.8,   91.69
 67.9,   91.68
 68.0,   91.17
 68.1,   90.65
 68.2,   90.80
 68.3,   90.46
 68.5,   89.92
 68.6,   89.50
 68.7,   89.34
 68.8,   89.61
 68.9,   89.86
 69.0,   89.55
 69.1,   89.41
 69.2,   88.78
 69.3,   87.84
 69.5,   87.44
 69.6,   87.21
 69.7,   87.09
 69.8,   87.59
 69.9,   87.57
 70.0,   87.95
 70.1,   88.24
 70.2,   88.50
 70.3,   88.31
 70.5,   87.83
 70.6,   86.83
 70.7,   85.78
 70.8,   85.30
 70.9,   85.21
 71.0,   85.12
 71.1,   84.37
 71.2,   84.07
 71.4,   84.07
 71.5,   84.08
 71.6,   84.03
 71.7,   84.33
 71.8,   84.28
 71.9,   84.31
 72.0,   84.03
 72.1,   83.03
 72.2,   82.30
 72.4,   82.29
 72.5,   82.43
 72.6,   81.84
 72.7,   81.40
 72.8,   80.89
 72.9,   80.74
 73.0,   81.16
 73.1,   80.80
 73.2,   80.75
 73.4,   80.87
 73.5,   80.57
 73.6,   80.28
 73.7,   80.38
 73.8,   80.56
 73.9,   80.54
 74.0,   80.21
 74.1,   79.42
 74.2,   79.09
 74.4,   79.00
 74.5,   78.44
 74.6,   77.84
 74.7,   83.05
 74.8,   79.54
 74.9,   77.12
 75.0,   76.95
 75.1,   77.13
 75.3,   77.17
 75.4,   76.95
 75.5,   76.93
 75.6,   76.86
 75.7,   76.19
 75.8,   75.66
 75.9,   75.19
 76.0,   74.86
 76.1,   74.62
 76.3,   74.53
 76.4,   74.37
 76.5,   74.11
 76.6,   74.46
 76.7,   74.32
 76.8,   73.98
 76.9,   74.11
 77.0,   73.87
 77.1,   73.60
 77.3,   73.58
 77.4,   73.94
 77.5,   73.80
 77.6,   73.22
 77.7,   72.79
 77.8,   72.60
 77.9,   72.48
 78.0,   71.95
 78.1,   71.26
 78.3,   70.83
 78.4,   70.13
 78.5,   76.39
 78.6,   69.01
 78.7,   69.16
 78.8,   69.90
 78.9,   70.21
 79.0,   69.79
 79.1,   69.14
 79.3,   69.25
 79.4,   68.85
 79.5,   75.35
 79.6,   68.52
 79.7,   68.30
 79.8,   67.85
 79.9,   67.18
 80.0,   66.89
 80.2,   67.28
 80.3,   67.59
 80.4,   67.25
 80.5,   66.72
 80.6,   66.66
 80.7,   66.58
 80.8,   62.26
 80.9,   63.57
 81.0,   66.57
 81.2,   66.13
 81.3,   65.81
 81.4,   65.98
 81.5,   65.97
 81.6,   65.41
 81.7,   65.63
 81.8,   66.12
 81.9,   66.05
 82.0,   65.19
 82.2,   68.10
 82.3,   65.73
 82.4,   62.56
 82.5,   63.05
 82.6,   63.30
 82.7,   62.75
 82.8,   62.25
 82.9,   61.76
 83.0,   61.08
 83.2,   60.61
 83.3,   61.26
 83.4,   60.88
 83.5,   60.48
 83.6,   59.76
 83.7,   60.00
 83.8,   60.11
 83.9,   59.81
 84.1,   59.38
 84.2,   59.28
 84.3,   58.94
 84.4,   58.99
 84.5,   59.30
 84.6,   59.31
 84.7,   59.06
 84.8,   58.08
 84.9,   57.94
 85.1,   57.65
 85.2,   57.37
 85.3,   56.74
 85.4,   56.22
 85.5,   55.60
 85.6,   54.58
 85.7,   53.85
 85.8,   54.24
 85.9,   53.75
 86.1,   53.72
 86.2,   53.71
 86.3,   53.99
 86.4,   54.33
 86.5,   53.69
 86.6,   53.25
 86.7,   53.41
 86.8,   53.74
 86.9,   52.99
 87.1,   58.41
 87.2,   50.82
 87.3,   50.90
 87.4,   51.16
 87.5,   51.51
 87.6,   51.61
 87.7,   51.43
 87.8,   50.29
 88.0,   49.88
 88.1,   49.40
 88.2,   48.52
 88.3,   48.71
 88.4,   48.60
 88.5,   47.87
 88.6,   46.59
 88.7,   46.14
 88.8,   45.90
 89.0,   45.52
 89.1,   45.20
 89.2,   45.20
 89.3,   44.99
 89.4,   44.40
 89.5,   37.33
 89.6,   44.67
 89.7,   44.67
 89.8,   44.20
 90.0,   43.56
 90.1,   43.33
 90.2,   42.95
 90.3,   42.58
 90.4,   41.44
 90.5,   41.17
 90.6,   40.90
 90.7,   40.71
 90.8,   40.70
 91.0,   40.99
 91.1,   40.44
 91.2,   39.74
 91.3,   39.76
 91.4,   39.72
 91.5,   39.15
 91.6,   38.62
 91.7,   38.00
 91.8,   37.79
 92.0,   37.38
 92.1,   37.48
 92.2,   37.38
 92.3,   36.46
 92.4,   35.84
 92.5,   35.55
 92.6,   35.46
 92.7,   35.14
 92.9,   34.62
 93.0,   34.44
 93.1,   34.16
 93.2,   33.76
 93.3,   33.70
 93.4,   33.73
 93.5,   33.78
 93.6,   33.96
 93.7,   34.24
 93.9,   33.66
 94.0,   33.02
 94.1,   32.47
 94.2,   32.25
 94.3,   31.80
 94.4,   31.26
 94.5,   31.25
 94.6,   31.80
 94.7,   31.30
 94.9,   30.70
 95.0,   30.40
 95.1,   29.11
 95.2,   28.16
 95.3,   28.08
 95.4,   28.13
 95.5,   28.29
 95.6,   28.51
 95.7,   28.01
 95.9,   27.15
 96.0,   27.09
 96.1,   26.27
 96.2,   26.39
 96.3,   26.43
 96.4,   25.81
 96.5,   25.42
 96.6,   24.97
 96.8,   24.16
 96.9,   23.88
 97.0,   23.70
 97.1,   22.89
 97.2,   22.89
 97.3,   23.09
 97.4,   23.38
 97.5,   23.20
 97.6,   22.76
 97.8,   22.33
 97.9,   21.93
 98.0,   21.95
 98.1,   22.22
 98.2,   22.05
 98.3,   21.30
 98.4,   20.24
 98.5,   20.31
 98.6,   20.25
 98.8,   19.97
 98.9,   19.65
 99.0,   19.07
 99.1,   19.20
 99.2,   18.98
 99.3,   18.60
 99.4,   18.13
 99.5,   17.67
 99.6,   16.97
 99.8,   16.51
 99.9,   16.68
100.0,   16.94
100.1,   16.61
100.2,   16.44
100.3,   16.25
100.4,   16.01
100.5,   15.97
100.7,   15.66
100.8,   15.35
100.9,   15.23
101.0,   14.59
101.1,   14.09
101.2,   14.20
101.3,   14.09
101.4,   14.14
101.5,   13.47
101.7,   13.37
101.8,   13.11
101.9,   12.44
102.0,   12.27
102.1,   12.65
102.2,   12.84
102.3,   12.60
102.4,   11.80
102.5,   10.55
102.7,    9.89
102.8,    9.84
102.9,    9.59
103.0,    9.57
103.1,   10.03
103.2,   10.56
103.3,   10.34
103.4,    9.74
103.5,    9.30
103.7,    8.61
103.8,    7.91
103.9,   10.01
104.0,   12.88
104.1,    7.77
104.2,    7.98
104.3,    8.44
104.4,    7.86
104.5,    7.08
104.7,    6.57
104.8,    5.91
104.9,    5.23
105.0,    4.86
105.1,    4.82
105.2,    5.41
105.3,    5.63
105.4,    5.39
105.6,    4.58
105.7,    4.38
105.8,    3.84
105.9,    3.39
106.0,    3.12
106.1,    2.81
106.2,    9.21
106.3,    2.95
106.4,    2.96
106.6,    2.55
106.7,    2.23
106.8,    2.76
106.9,    9.66
107.0,    2.16
107.1,    2.43
107.2,    3.49
107.3,    3.44
107.4,    2.48
107.6,    8.00
107.7,    0.51
107.8,    0.45
107.9,    0.47
108.0,   -0.09
108.1,   -0.41
108.2,    0.00
108.3,    0.54
108.4,    0.76
108.6,    0.91
108.7,    0.46
108.8,    0.20
108.9,    5.11
109.0,   -2.08
109.1,   -1.98
109.2,   -1.63
109.3,   -1.75
109.5,   -2.09
109.6,   -2.35
109.7,   -2.63
109.8,   -2.44
109.9,   -2.42
110.0,   -2.64
110.1,   -2.97
110.2,   -3.22
110.3,   -3.48
110.5,   -3.96
110.6,   -3.56
110.7,   -3.26
110.8,   -3.88
110.9,   -3.88
111.0,   -3.79
111.1,   -4.28
111.2,  -10.62
111.3,   -3.44
111.5,   -3.93
111.6,   -3.80
111.7,   -4.34
111.8,   -4.96
111.9,   -4.83
112.0,   -4.77
112.1,   -5.37
112.2,   -6.16
112.3,   -6.18
112.5,   -5.60
112.6,   -5.86
112.7,   -9.10
112.8,  -10.04
112.9,   -6.12
113.0,   -6.04
113.1,   -6.28
113.2,   -6.27
113.4,   -6.43
113.5,   -6.31
113.6,   -5.78
113.7,   -5.51
113.8,   -5.54
113.9,   -6.43
114.0,   -6.92
114.1,   -6.72
114.2,   -7.20
114.4,   -7.50
114.5,   -7.86
114.6,   -9.05
114.7,   -8.97
114.8,   -8.78
114.9,   -8.65
115.0,   -8.87
115.1,   -9.13
115.2,   -8.36
115.4,   -8.42
115.5,   -9.94
115.6,  -10.63
115.7,  -10.58
115.8,  -11.05
115.9,  -10.79
116.0,  -10.65
116.1,  -10.09
116.2,   -9.71
116.4,   -9.72
116.5,   -9.88
116.6,  -10.66
116.7,  -10.83
116.8,  -11.24
116.9,  -11.68
117.0,  -11.72
117.1,  -11.29
117.3,  -11.56
117.4,  -12.18
117.5,  -12.69
117.6,  -12.71
117.7,  -12.48
117.8,  -12.34
117.9,  -12.51
118.0,  -12.79
118.1,  -13.05
118.3,  -13.28
118.4,  -13.66
118.5,  -13.52
118.6,  -13.87
118.7,  -14.08
118.8,  -13.49
118.9,  -12.96
119.0,  -12.58
119.1,  -13.03
119.3,  -13.85
119.4,  -14.80
119.5,  -15.64
119.6,  -16.13
119.7,  -15.99
119.8,  -15.93
119.9,  -15.56
120.0,  -15.13
120.1,  -15.73
120.3,  -15.86
120.4,  -15.58
120.5,  -15.81
120.6,  -15.74
120.7,  -16.00
120.8,  -16.41
120.9,  -15.92
121.0,  -15.90
121.1,  -16.54
121.3,  -17.75
121.4,  -18.46
121.5,  -18.66
121.6,  -18.50
121.7,  -18.35
121.8,  -18.35
121.9,  -18.20
122.0,  -18.35
122.2,  -18.82
122.3,  -18.71
122.4,  -18.34
122.5,  -18.99
122.6,  -19.61
122.7,  -19.74
122.8,  -19.48
122.9,  -19.28
123.0,  -19.20
123.2,  -19.77
123.3,  -20.36
123.4,  -20.13
123.5,  -19.84
123.6,  -20.00
123.7,  -19.75
123.8,  -19.99
123.9,  -20.85
124.0,  -21.31
124.2,  -21.98
124.3,  -22.48
124.4,  -22.44
124.5,  -22.09
124.6,  -22.00
124.7,  -22.24
124.8,  -21.92
124.9,  -22.04
125.0,  -22.50
125.2,  -22.69
125.3,  -18.01
125.4,  -20.69
125.5,  -22.89
125.6,  -18.71
125.7,  -21.52
125.8,  -24.69
125.9,  -24.96
126.1,  -24.41
126.2,  -24.54
126.3,  -24.80
126.4,  -24.94
126.5,  -25.11
126.6,  -25.41
126.7,  -25.39
126.8,  -25.17
126.9,  -25.46
127.1,  -25.71
127.2,  -25.24
127.3,  -25.04
127.4,  -24.81
127.5,  -24.33
127.6,  -25.17
127.7,  -25.46
127.8,  -25.76
127.9,  -25.99
128.1,  -26.18
128.2,  -26.33
128.3,  -26.60
128.4,  -27.09
128.5,  -28.13
128.6,  -28.47
128.7,  -28.06
128.8,  -27.42
128.9,  -27.87
129.1,  -28.38
129.2,  -28.83
129.3,  -28.82
129.4,  -29.04
129.5,  -29.02
129.6,  -27.90
129.7,  -27.68
129.8,  -28.71
130.0,  -28.48
130.1,  -28.22
130.2,  -28.32
130.3,  -29.41
130.4,  -29.40
130.5,  -29.05
130.6,  -28.31
130.7,  -28.14
130.8,  -28.32
131.0,  -35.13
131.1,  -28.26
131.2,  -29.44
131.3,  -29.84
131.4,  -30.29
131.5,  -30.63
131.6,  -30.79
131.7,  -31.09
131.8,  -28.53
132.0,  -27.54
132.1,  -32.00
132.2,  -32.01
132.3,  -31.56
132.4,  -31.63
132.5,  -31.74
132.6,  -32.05
132.7,  -32.09
132.8,  -31.77
133.0,  -31.91
133.1,  -31.69
133.2,  -31.98
133.3,  -32.51
133.4,  -32.76
133.5,  -32.68
133.6,  -33.01
133.7,  -32.91
133.8,  -32.97
134.0,  -32.89
134.1,  -32.88
134.2,  -33.56
134.3,  -33.48
134.4,  -33.83
134.5,  -34.01
134.6,  -34.43
134.7,  -34.53
134.9,  -34.85
135.0,  -35.04
135.1,  -35.36
135.2,  -35.04
135.3,  -34.52
135.4,  -35.03
135.5,  -35.79
135.6,  -36.01
135.7,  -36.31
135.9,  -36.66
136.0,  -36.22
136.1,  -35.93
136.2,  -35.49
136.3,  -35.84
136.4,  -36.06
136.5,  -36.88
136.6,  -37.29
136.7,  -37.35
136.9,  -36.54
137.0,  -36.04
137.1,  -36.00
137.2,  -36.13
137.3,  -35.99
137.4,  -36.19
137.5,  -37.07
137.6,  -37.20
137.7,  -37.11
137.9,  -37.37
138.0,  -38.15
138.1,  -37.99
138.2,  -37.82
138.3,  -37.26
138.4,  -37.28
138.5,  -38.04
138.6,  -38.45
138.8,  -38.47
138.9,  -38.07
139.0,  -38.67
139.1,  -38.34
139.2,  -38.11
139.3,  -39.13
139.4,  -39.39
139.5,  -39.01
139.6,  -38.59
139.8,  -38.60
139.9,  -38.92
140.0,  -39.40
140.1,  -39.79
140.2,  -40.26
140.3,  -39.98
140.4,  -39.44
140.5,  -39.80
140.6,  -40.73
140.8,  -40.85
140.9,  -40.42
141.0,  -40.56
141.1,  -40.97
141.2,  -41.34
141.3,  -41.19
141.4,  -40.85
141.5,  -39.90
141.6,  -40.69
141.8,  -40.71
141.9,  -40.35
142.0,  -40.74
142.1,  -41.09
142.2,  -41.63
142.3,  -42.34
142.4,  -42.74
142.5,  -42.69
142.7,  -42.48
142.8,  -42.23
142.9,  -42.48
143.0,  -42.05
143.1,  -41.82
143.2,  -41.47
143.3,  -41.70
143.4,  -41.77
143.5,  -42.46
143.7,  -42.83
143.8,  -42.78
143.9,  -42.74
144.0,  -43.01
144.1,  -42.74
144.2,  -42.31
144.3,  -42.03
144.4,  -41.51
144.5,  -41.42
144.7,  -41.54
144.8,  -41.34
144.9,  -40.99
145.0,  -41.32
145.1,  -42.24
145.2,  -43.98
145.3,  -44.60
145.4,  -44.21
145.5,  -43.82
145.7,  -43.30
145.8,  -43.08
145.9,  -44.40
146.0,  -45.12
146.1,  -44.58
146.2,  -44.06
146.3,  -44.13
146.4,  -44.39
146.5,  -44.76
146.7,  -44.71
146.8,  -44.22
146.9,  -43.75
147.0,  -43.88
147.1,  -43.64
147.2,  -44.36
147.3,  -50.00
147.4,  -43.80
147.6,  -43.83
147.7,  -44.29
147.8,  -45.30
147.9,  -51.17
148.0,  -44.18
148.1,  -43.90
148.2,  -44.56
148.3,  -45.48
148.4,  -45.40
148.6,  -44.71
148.7,  -43.92
148.8,  -44.80
148.9,  -45.17
149.0,  -45.55
149.1,  -45.42
149.2,  -45.39
149.3,  -45.36
149.4,  -45.24
149.6,  -45.47
149.7,  -46.14
149.8,  -46.91
149.9,  -46.39
150.0,  -45.89
150.1,  -45.87
150.2,  -45.89
150.3,  -45.29
150.4,  -45.40
150.6,  -44.53
150.7,  -39.79
150.8,  -46.06
150.9,  -46.58
151.0,  -46.67
151.1,  -47.66
151.2,  -51.19
151.3,  -40.57
151.5,  -46.32
151.6,  -45.81
151.7,  -46.03
151.8,  -46.39
151.9,  -46.49
152.0,  -46.68
152.1,  -46.61
152.2,  -47.14
152.3,  -47.71
152.5,  -48.00
152.6,  -48.27
152.7,  -48.23
152.8,  -46.85
152.9,  -42.87
153.0,  -48.55
153.1,  -48.01
153.2,  -47.55
153.3,  -47.52
153.5,  -48.09
153.6,  -47.88
153.7,  -47.97
153.8,  -48.07
153.9,  -48.01
154.0,  -47.94
154.1,  -48.59
154.2,  -49.23
154.3,  -49.38
154.5,  -49.30
154.6,  -49.06
154.7,  -48.65
154.8,  -48.42
154.9,  -48.53
155.0,  -49.10
155.1,  -49.70
155.2,  -50.19
155.4,  -42.85
155.5,  -50.29
155.6,  -50.48
155.7,  -50.57
155.8,  -50.19
155.9,  -50.27
156.0,  -50.23
156.1,  -49.96
156.2,  -50.32
156.4,  -50.84
156.5,  -50.64
156.6,  -50.59
156.7,  -50.84
156.8,  -50.56
156.9,  -50.60
157.0,  -50.28
157.1,  -49.90
157.2,  -49.59
157.4,  -49.52
157.5,  -50.53
157.6,  -50.86
157.7,  -50.51
157.8,  -50.38
157.9,  -50.39
158.0,  -50.17
158.1,  -50.29
158.2,  -51.33
158.4,  -51.54
158.5,  -51.42
158.6,  -51.05
158.7,  -51.77
158.8,  -51.96
158.9,  -51.20
159.0,  -51.01
159.1,  -51.50
159.2,  -51.98
159.4,  -51.92
159.5,  -51.55
159.6,  -51.55
159.7,  -51.78
159.8,  -52.69
159.9,  -52.97
160.0,  -52.39
160.1,  -52.27
160.3,  -52.24
160.4,  -51.82
160.5,  -51.90
160.6,  -52.20
160.7,  -52.01
160.8,  -51.53
160.9,  -50.96
161.0,  -50.71
161.1,  -51.05
161.3,  -51.10
161.4,  -51.08
161.5,  -51.79
161.6,  -51.68
161.7,  -51.68
161.8,  -51.51
161.9,  -51.08
162.0,  -51.45
162.1,  -52.02
162.3,  -52.23
162.4,  -51.90
162.5,  -51.78
162.6,  -51.55
162.7,  -51.51
162.8,  -52.41
162.9,  -52.62
163.0,  -52.27
163.1,  -52.19
163.3,  -52.08
163.4,  -51.91
163.5,  -51.95
163.6,  -51.44
163.7,  -51.15
163.8,  -51.92
163.9,  -52.94
164.0,  -52.35
164.2,  -52.01
164.3,  -51.66
164.4,  -51.60
164.5,  -51.59
164.6,  -52.48
164.7,  -52.91
164.8,  -52.45
164.9,  -52.31
165.0,  -52.51
165.2,  -52.83
165.3,  -52.81
165.4,  -53.09
165.5,  -53.02
165.6,  -53.10
165.7,  -52.91
165.8,  -52.09
165.9,  -51.95
166.0,  -52.13
166.2,  -53.78
166.3,  -54.71
166.4,  -54.56
166.5,  -53.75
166.6,  -53.11
166.7,  -52.99
166.8,  -52.90
166.9,  -53.09
167.0,  -53.48
167.2,  -53.50
167.3,  -53.58
167.4,  -53.72
167.5,  -54.02
167.6,  -53.92
167.7,  -53.86
167.8,  -53.92
167.9,  -54.58
168.1,  -54.54
168.2,  -54.35
168.3,  -54.47
168.4,  -55.31
168.5,  -55.66
168.6,  -55.25
168.7,  -55.16
168.8,  -54.69
168.9,  -54.52
169.1,  -54.29
169.2,  -53.94
169.3,  -54.26
169.4,  -54.75
169.5,  -55.97
169.6,  -56.38
169.7,  -55.42
169.8,  -54.43
169.9,  -54.30
170.1,  -54.12
170.2,  -54.18
170.3,  -54.68
170.4,  -54.64
170.5,  -54.38
170.6,  -54.14
170.7,  -54.30
170.8,  -54.32
170.9,  -54.14
171.1,  -54.43
171.2,  -54.58
171.3,  -54.98
171.4,  -54.99
171.5,  -55.06
171.6,  -54.96
171.7,  -55.33
171.8,  -55.98
171.9,  -55.42
172.1,  -55.06
172.2,  -55.28
172.3,  -55.64
172.4,  -55.94
172.5,  -57.06
172.6,  -63.32
172.7,  -56.36
172.8,  -56.00
173.0,  -55.65
173.1,  -55.55
173.2,  -55.75
173.3,  -55.34
173.4,  -55.10
173.5,  -54.63
173.6,  -48.44
173.7,  -55.28
173.8,  -54.86
174.0,  -54.94
174.1,  -55.35
174.2,  -56.01
174.3,  -55.38
174.4,  -55.42
174.5,  -55.47
174.6,  -55.94
174.7,  -56.49
174.8,  -56.01
175.0,  -56.12
175.1,  -56.17
175.2,  -56.40
175.3,  -56.45
175.4,  -56.31
175.5,  -56.71
175.6,  -57.22
175.7,  -57.29
175.8,  -57.16
176.0,  -56.89
176.1,  -56.67
176.2,  -56.80
176.3,  -57.00
176.4,  -56.75
176.5,  -56.84
176.6,  -56.38
176.7,  -56.12
176.9,  -56.41
177.0,  -56.91
177.1,  -57.22
177.2,  -57.82
177.3,  -57.15
177.4,  -56.99
177.5,  -56.87
177.6,  -56.58
177.7,  -56.43
177.9,  -57.41
178.0,  -62.54
178.1,  -56.37
178.2,  -55.85
178.3,  -50.98
178.4,  -57.28
178.5,  -57.70
178.6,  -57.22
178.7,  -57.79
178.9,  -58.23
179.0,  -58.27
179.1,  -58.16
179.2,  -58.13
179.3,  -57.99
179.4,  -58.27
179.5,  -58.82
179.6,  -58.56
179.7,  -58.17
179.9,  -57.37
180.0,  -57.78
180.1,  -58.43
180.2,  -58.66
180.3,  -58.80
180.4,  -58.60
180.5,  -57.90
180.6,  -57.32
180.8,  -57.44
180.9,  -57.28
181.0,  -56.90
181.1,  -56.39
181.2,  -56.04
181.3,  -56.02
181.4,  -56.18
181.5,  -56.23
181.6,  -56.31
181.8,  -56.62
181.9,  -56.49
182.0,  -56.90
182.1,  -57.50
182.2,  -58.01
182.3,  -58.30
182.4,  -58.08
182.5,  -57.62
182.6,  -57.42
182.8,  -57.65
182.9,  -57.44
183.0,  -57.77
183.1,  -57.83
183.2,  -57.74
183.3,  -57.25
183.4,  -57.33
183.5,  -57.54
183.6,  -56.78
183.8,  -56.53
183.9,  -56.65
184.0,  -56.80
184.1,  -56.46
184.2,  -56.31
184.3,  -56.33
184.4,  -56.36
184.5,  -56.85
184.6,  -56.46
184.8,  -56.75
184.9,  -56.83
185.0,  -56.66
185.1,  -57.00
185.2,  -56.87
185.3,  -56.35
185.4,  -56.65
185.5,  -57.10
185.7,  -57.23
185.8,  -57.29
185.9,  -58.12
186.0,  -58.90
186.1,  -58.96
186.2,  -58.45
186.3,  -58.37
186.4,  -58.01
186.5,  -58.41
186.7,  -58.81
186.8,  -58.51
186.9,  -57.43
187.0,  -57.13
187.1,  -56.57
187.2,  -56.15
187.3,  -55.88
187.4,  -56.31
187.5,  -56.60
187.7,  -56.71
187.8,  -56.73
187.9,  -56.03
188.0,  -56.31
188.1,  -57.32
188.2,  -58.68
188.3,  -58.71
188.4,  -58.38
188.5,  -58.27
188.7,  -58.48
188.8,  -57.86
188.9,  -58.63
189.0,  -59.05
189.1,  -58.59
189.2,  -58.59
189.3,  -58.19
189.4,  -58.09
189.6,  -58.37
189.7,  -58.81
189.8,  -58.79
189.9,  -58.19
190.0,  -58.45
190.1,  -58.24
190.2,  -58.05
190.3,  -57.42
190.4,  -57.06
190.6,  -57.20
190.7,  -57.01
190.8,  -57.57
190.9,  -55.66
191.0,  -53.73
191.1,  -58.41
191.2,  -57.81
191.3,  -57.09
191.4,  -56.43
191.6,  -56.81
191.7,  -57.19
191.8,  -57.72
191.9,  -58.44
192.0,  -57.97
192.1,  -58.06
192.2,  -58.13
192.3,  -58.32
192.4,  -58.53
192.6,  -59.06
192.7,  -58.78
192.8,  -58.66
192.9,  -58.10
193.0,  -57.73
193.1,  -57.81
193.2,  -57.36
193.3,  -57.41
193.5,  -57.76
193.6,  -57.77
193.7,  -57.71
193.8,  -57.57
193.9,  -57.65
194.0,  -57.61
194.1,  -57.45
194.2,  -57.53
194.3,  -57.57
194.5,  -57.26
194.6,  -57.34
194.7,  -57.41
194.8,  -57.44
194.9,  -57.26
195.0,  -57.52
195.1,  -57.40
195.2,  -57.74
195.3,  -58.79
195.5,  -59.20
195.6,  -58.75
195.7,  -58.44
195.8,  -58.21
195.9,  -55.31
196.0,  -53.78
196.1,  -58.09
196.2,  -58.17
196.3,  -57.50
196.5,  -57.93
196.6,  -57.70
196.7,  -58.32
196.8,  -57.90
196.9,  -57.87
197.0,  -57.76
197.1,  -58.19
197.2,  -58.78
197.3,  -59.02
197.5,  -58.63
197.6,  -58.17
197.7,  -58.00
197.8,  -58.33
197.9,  -58.03
198.0,  -57.80
198.1,  -57.75
198.2,  -57.87
198.4,  -58.21
198.5,  -58.19
198.6,  -58.16
198.7,  -58.22
198.8,  -58.26
198.9,  -57.46
199.0,  -57.71
199.1,  -58.69
199.2,  -59.81
199.4,  -59.41
199.5,  -58.49
199.6,  -58.48
199.7,  -58.75
199.8,  -58.64
199.9,  -58.56
200.0,  -58.37
200.1,  -58.92
200.2,  -59.70
200.4,  -60.02
200.5,  -59.38
200.6,  -58.34
200.7,  -58.20
200.8,  -58.20
200.9,  -58.65
201.0,  -58.89
201.1,  -58.94
201.2,  -59.16
201.4,  -58.91
201.5,  -58.76
201.6,  -58.05
201.7,  -57.89
201.8,  -58.32
201.9,  -58.50
202.0,  -58.75
202.1,  -58.56
202.3,  -59.19
202.4,  -59.87
202.5,  -59.82
202.6,  -59.77
202.7,  -60.25
202.8,  -60.35
202.9,  -60.07
203.0,  -59.73
203.1,  -59.89
203.3,  -59.63
203.4,  -59.27
203.5,  -59.31
203.6,  -59.63
203.7,  -59.15
203.8,  -58.88
203.9,  -59.15
204.0,  -59.24
204.1,  -59.24
204.3,  -59.61
204.4,  -59.40
204.5,  -59.24
204.6,  -59.20
204.7,  -59.20
204.8,  -59.03
204.9,  -59.18
205.0,  -59.35
205.1,  -59.11
205.3,  -59.99
205.4,  -60.12
205.5,  -60.01
205.6,  -59.41
205.7,  -59.85
205.8,  -60.00
205.9,  -59.69
206.0,  -59.99
206.2,  -60.16
206.3,  -60.86
206.4,  -60.80
206.5,  -60.29
206.6,  -60.01
206.7,  -60.03
206.8,  -59.95
206.9,  -60.21
207.0,  -60.52
207.2,  -60.52
207.3,  -60.07
207.4,  -59.44
207.5,  -59.81
207.6,  -60.73
207.7,  -61.06
207.8,  -61.17
207.9,  -60.98
208.0,  -60.49
208.2,  -60.23
208.3,  -59.99
208.4,  -60.04
208.5,  -59.79
208.6,  -59.55
208.7,  -60.13
208.8,  -60.45
208.9,  -60.40
209.0,  -60.70
209.2,  -61.32
209.3,  -61.25
209.4,  -61.43
209.5,  -60.96
209.6,  -60.66
209.7,  -61.07
209.8,  -61.07
209.9,  -60.79
210.0,  -60.40
210.2,  -60.67
210.3,  -60.24
210.4,  -59.93
210.5,  -59.70
210.6,  -59.63
210.7,  -59.61
210.8,  -59.63
210.9,  -59.69
211.1,  -59.98
211.2,  -60.02
211.3,  -60.24
211.4,  -60.11
211.5,  -59.49
211.6,  -60.02
211.7,  -60.66
211.8,  -60.54
211.9,  -60.11
212.1,  -60.28
212.2,  -60.55
212.3,  -60.85
212.4,  -60.63
212.5,  -60.77
212.6,  -61.15
212.7,  -61.81
212.8,  -61.94
212.9,  -61.86
213.1,  -61.75
213.2,  -61.80
213.3,  -61.77
213.4,  -61.31
213.5,  -60.80
213.6,  -60.45
213.7,  -60.98
213.8,  -61.76
213.9,  -62.01
214.1,  -61.68
214.2,  -61.27
214.3,  -61.00
214.4,  -60.70
214.5,  -60.78
214.6,  -60.64
214.7,  -61.01
214.8,  -60.98
215.0,  -61.60
215.1,  -61.64
215.2,  -61.77
215.3,  -62.21
215.4,  -62.27
215.5,  -62.25
215.6,  -61.93
215.7,  -56.64
215.8,  -59.60
216.0,  -61.55
216.1,  -61.45
216.2,  -61.32
216.3,  -61.19
216.4,  -61.03
216.5,  -61.05
216.6,  -60.99
216.7,  -60.67
216.8,  -60.27
217.0,  -60.25
217.1,  -60.69
217.2,  -60.35
217.3,  -60.45
217.4,  -60.49
217.5,  -60.17
217.6,  -60.16
217.7,  -60.54
217.8,  -60.61
218.0,  -60.62
218.1,  -61.19
218.2,  -61.13
218.3,  -61.25
218.4,  -61.13
218.5,  -61.63
218.6,  -62.09
218.7,  -61.64
218.9,  -61.32
219.0,  -61.77
219.1,  -62.72
219.2,  -62.73
219.3,  -62.67
219.4,  -62.40
219.5,  -62.63
219.6,  -63.34
219.7,  -63.34
219.9,  -62.85
220.0,  -62.21
220.1,  -62.41
220.2,  -62.93
220.3,  -63.08
220.4,  -62.94
220.5,  -63.07
220.6,  -62.93
220.7,  -62.46
220.9,  -62.07
221.0,  -61.48
221.1,  -61.77
221.2,  -62.04
221.3,  -62.16
221.4,  -62.36
221.5,  -63.00
221.6,  -62.87
221.7,  -62.41
221.9,  -62.47
222.0,  -62.92
222.1,  -63.85
222.2,  -63.84
222.3,  -63.07
222.4,  -62.88
222.5,  -63.02
222.6,  -63.52
222.7,  -63.95
222.9,  -64.28
223.0,  -64.38
223.1,  -64.56
223.2,  -64.52
223.3,  -64.31
223.4,  -70.26
223.5,  -62.76
223.6,  -62.35
223.8,  -62.26
223.9,  -62.49
224.0,  -63.05
224.1,  -62.93
224.2,  -63.15
224.3,  -62.91
224.4,  -62.79
224.5,  -63.33
224.6,  -63.53
224.8,  -63.59
224.9,  -63.05
225.0,  -62.46
225.1,  -62.64
225.2,  -62.53
225.3,  -62.33
225.4,  -62.59
225.5,  -62.90
225.6,  -63.48
225.8,  -63.15
225.9,  -62.93
226.0,  -63.33
226.1,  -63.38
226.2,  -63.49
226.3,  -63.44
226.4,  -63.63
226.5,  -63.91
226.6,  -64.07
226.8,  -70.55
226.9,  -63.17
227.0,  -63.61
227.1,  -70.53
227.2,  -63.10
227.3,  -62.43
227.4,  -61.95
227.5,  -62.42
227.7,  -61.96
227.8,  -61.46
227.9,  -61.50
228.0,  -61.64
228.1,  -61.45
228.2,  -61.77
228.3,  -62.44
228.4,  -63.50
228.5,  -63.61
228.7,  -63.42
228.8,  -63.44
228.9,  -63.51
229.0,  -63.86
229.1,  -64.28
229.2,  -64.31
229.3,  -63.98
229.4,  -64.16
229.5,  -64.04
229.7,  -63.49
229.8,  -62.87
229.9,  -63.39
230.0,  -63.53
230.1,  -63.75
230.2,  -64.07
230.3,  -63.96
230.4,  -63.40
230.5,  -63.21
230.7,  -63.12
230.8,  -62.92
230.9,  -62.67
231.0,  -62.24
231.1,  -62.23
231.2,  -61.82
231.3,  -61.79
231.4,  -61.93
231.6,  -62.14
231.7,  -62.62
231.8,  -63.07
231.9,  -63.49
232.0,  -63.24
232.1,  -62.71
232.2,  -62.48
232.3,  -63.11
232.4,  -63.12
232.6,  -63.40
232.7,  -62.98
232.8,  -62.61
232.9,  -62.86
233.0,  -63.37
233.1,  -63.40
233.2,  -62.94
233.3,  -62.92
233.4,  -63.06
233.6,  -63.40
233.7,  -63.20
233.8,  -62.78
233.9,  -62.31
234.0,  -62.30
234.1,  -62.47
234.2,  -63.02
234.3,  -63.83
234.4,  -64.27
234.6,  -63.93
234.7,  -63.12
234.8,  -63.32
234.9,  -63.00
235.0,  -62.14
235.1,  -62.25
235.2,  -62.42
235.3,  -62.82
235.5,  -63.18
235.6,  -63.89
235.7,  -64.66
235.8,  -64.37
235.9,  -64.67
236.0,  -65.45
236.1,  -64.85
236.2,  -64.30
236.3,  -63.83
236.5,  -64.17
236.6,  -64.37
236.7,  -64.30
236.8,  -64.45
236.9,  -64.33
237.0,  -63.75
237.1,  -63.69
237.2,  -63.48
237.3,  -63.69
237.5,  -63.85
237.6,  -63.84
237.7,  -63.84
237.8,  -64.07
237.9,  -64.23
238.0,  -63.89
238.1,  -63.98
238.2,  -64.24
238.3,  -64.64
238.5,  -64.80
238.6,  -64.68
238.7,  -64.52
238.8,  -64.63
238.9,  -64.57
239.0,  -64.39
239.1,  -64.96
239.2,  -64.89
239.3,  -64.81
239.5,  -64.25
239.6,  -63.58
239.7,  -63.74
239.8,  -65.13
239.9,  -65.75
240.0,  -65.62
240.1,  -64.73
240.2,  -69.65
240.4,  -65.02
240.5,  -63.11
240.6,  -62.73
240.7,  -62.94
240.8,  -63.15
240.9,  -63.13
241.0,  -63.02
241.1,  -63.64
241.2,  -63.46
241.4,  -63.89
241.5,  -64.28
241.6,  -64.23
241.7,  -64.47
241.8,  -64.84
241.9,  -65.11
242.0,  -65.11
242.1,  -65.06
242.2,  -65.57
242.4,  -66.25
242.5,  -65.57
242.6,  -65.61
242.7,  -66.07
242.8,  -66.78
242.9,  -66.13
243.0,  -65.83
243.1,  -65.60
243.2,  -65.49
243.4,  -65.39
243.5,  -72.80
243.6,  -65.59
243.7,  -64.91
243.8,  -65.05
243.9,  -65.01
244.0,  -64.84
244.1,  -64.91
244.3,  -64.69
244.4,  -64.24
244.5,  -63.44
244.6,  -62.93
244.7,  -62.97
244.8,  -56.61
244.9,  -64.02
245.0,  -64.53
245.1,  -64.53
245.3,  -64.04
245.4,  -64.48
245.5,  -58.53
245.6,  -65.46
245.7,  -65.19
245.8,  -65.12
245.9,  -64.96
246.0,  -64.96
246.1,  -64.98
246.3,  -64.36
246.4,  -64.07
246.5,  -63.42
246.6,  -63.77
246.7,  -63.39
246.8,  -64.10
246.9,  -64.04
247.0,  -64.33
247.1,  -64.54
247.3,  -63.98
247.4,  -63.68
247.5,  -63.96
247.6,  -63.78
247.7,  -63.91
247.8,  -63.92
247.9,  -64.64
248.0,  -64.40
248.2,  -64.32
248.3,  -63.77
248.4,  -63.84
248.5,  -63.52
248.6,  -63.84
248.7,  -64.41
248.8,  -63.35
248.9,  -63.44
249.0,  -63.18
249.2,  -63.18
249.3,  -63.33
249.4,  -71.17
249.5,  -64.88
249.6,  -64.56
249.7,  -64.28
249.8,  -64.83
249.9,  -65.12
250.0,  -65.49
250.2,  -65.69
250.3,  -65.36
250.4,  -64.54
250.5,  -63.85
250.6,  -63.81
250.7,  -56.53
250.8,  -63.61
250.9,  -63.56
251.0,  -63.45
251.2,  -63.48
251.3,  -63.42
251.4,  -63.56
251.5,  -63.33
251.6,  -64.01
251.7,  -65.01
251.8,  -64.70
251.9,  -64.41
252.0,  -64.83
252.2,  -65.16
252.3,  -65.37
252.4,  -65.30
252.5,  -65.40
252.6,  -65.21
252.7,  -65.06
252.8,  -65.12
252.9,  -65.35
253.1,  -65.37
253.2,  -65.29
253.3,  -64.80
253.4,  -64.76
253.5,  -64.56
253.6,  -64.56
253.7,  -63.79
253.8,  -63.84
253.9,  -64.47
254.1,  -64.35
254.2,  -64.77
254.3,  -64.75
254.4,  -63.77
254.5,  -64.04
254.6,  -64.37
254.7,  -64.54
254.8,  -63.98
254.9,  -64.11
255.1,  -64.50
255.2,  -58.15
255.3,  -65.43
255.4,  -64.86
255.5,  -63.86
255.6,  -63.78
255.7,  -63.83
255.8,  -63.73
255.9,  -63.85
256.1,  -64.50
256.2,  -64.77
256.3,  -64.89
256.4,  -65.24
256.5,  -65.25
256.6,  -64.84
256.7,  -64.67
256.8,  -64.80
257.0,  -64.75
257.1,  -64.28
257.2,  -64.14
257.3,  -64.25
257.4,  -65.06
257.5,  -65.55
257.6,  -65.50
257.7,  -65.30
257.8,  -64.27
258.0,  -64.28
258.1,  -64.07
258.2,  -64.38
258.3,  -64.52
258.4,  -64.49
258.5,  -64.37
258.6,  -64.52
258.7,  -65.72
258.8,  -66.31
259.0,  -65.87
259.1,  -65.02
259.2,  -64.74
259.3,  -64.87
259.4,  -65.05
259.5,  -64.80
259.6,  -64.55
259.7,  -64.13
259.8,  -63.91
260.0,  -64.16
260.1,  -65.04
260.2,  -65.33
260.3,  -64.83
260.4,  -64.81
260.5,  -64.84
260.6,  -64.94
260.7,  -64.33
260.9,  -64.58
261.0,  -64.56
261.1,  -64.58
261.2,  -64.23
261.3,  -64.41
261.4,  -64.65
261.5,  -64.42
261.6,  -64.18
261.7,  -64.99
261.9,  -66.23
262.0,  -66.67
262.1,  -66.67
262.2,  -65.98
262.3,  -65.40
262.4,  -65.12
262.5,  -65.11
262.6,  -65.74
262.7,  -66.15
262.9,  -65.97
263.0,  -65.72
263.1,  -65.37
263.2,  -64.70
263.3,  -64.27
263.4,  -64.06
263.5,  -64.15
263.6,  -64.03
263.7,  -64.29
263.9,  -64.21
264.0,  -64.55
264.1,  -64.87
264.2,  -64.54
264.3,  -63.64
264.4,  -63.23
264.5,  -63.69
264.6,  -63.97
264.7,  -64.54
264.9,  -65.50
265.0,  -67.03
265.1,  -69.78
265.2,  -64.21
265.3,  -62.90
265.4,  -60.35
265.5,  -65.56
265.6,  -65.43
265.8,  -65.12
265.9,  -65.43
266.0,  -65.02
266.1,  -64.73
266.2,  -64.63
266.3,  -64.90
266.4,  -64.83
266.5,  -64.36
266.6,  -64.13
266.8,  -64.44
266.9,  -64.82
267.0,  -64.84
267.1,  -64.19
267.2,  -63.62
267.3,  -63.73
267.4,  -64.13
267.5,  -64.96
267.6,  -64.48
267.8,  -63.49
267.9,  -62.94
268.0,  -63.14
268.1,  -63.43
268.2,  -63.70
268.3,  -64.41
268.4,  -64.64
268.5,  -64.27
268.6,  -64.04
268.8,  -64.17
268.9,  -64.41
269.0,  -64.09
269.1,  -64.19
269.2,  -64.11
269.3,  -63.98
269.4,  -64.47
269.5,  -64.49
269.7,  -63.61
269.8,  -63.25
269.9,  -63.32
270.0,  -63.92
270.1,  -64.40
270.2,  -63.97
270.3,  -63.43
270.4,  -63.45
270.5,  -63.28
270.7,  -63.07
270.8,  -63.34
270.9,  -62.92
271.0,  -62.10
271.1,  -61.98
271.2,  -62.58
271.3,  -63.00
271.4,  -63.21
271.5,  -63.71
271.7,  -63.31
271.8,  -62.94
271.9,  -63.13
272.0,  -63.78
272.1,  -64.16
272.2,  -64.64
272.3,  -64.54
272.4,  -64.29
272.5,  -63.94
272.7,  -63.76
272.8,  -63.81
272.9,  -64.29
273.0,  -64.26
273.1,  -64.65
273.2,  -64.95
273.3,  -64.57
273.4,  -64.34
273.6,  -63.97
273.7,  -63.66
273.8,  -63.78
273.9,  -63.78
274.0,  -63.93
274.1,  -64.13
274.2,  -64.90
274.3,  -64.70
274.4,  -64.51
274.6,  -64.46
274.7,  -64.54
274.8,  -64.85
274.9,  -65.09
275.0,  -64.84
275.1,  -64.91
275.2,  -65.09
275.3,  -65.02
275.4,  -64.92
275.6,  -64.92
275.7,  -65.01
275.8,  -65.17
275.9,  -65.01
276.0,  -64.98
276.1,  -65.62
276.2,  -65.93
276.3,  -65.94
276.4,  -64.91
276.6,  -64.19
276.7,  -63.82
276.8,  -63.56
276.9,  -63.60
277.0,  -63.69
277.1,  -63.42
277.2,  -63.43
277.3,  -64.23
277.4,  -64.53
277.6,  -64.56
277.7,  -64.26
277.8,  -64.07
277.9,  -64.03
278.0,  -64.11
278.1,  -64.67
278.2,  -64.98
278.3,  -64.75
278.5,  -64.61
278.6,  -65.21
278.7,  -65.70
278.8,  -66.29
278.9,  -66.57
279.0,  -66.55
279.1,  -66.10
279.2,  -65.99
279.3,  -65.90
279.5,  -66.08
279.6,  -65.81
279.7,  -65.71
279.8,  -65.99
279.9,  -66.45
280.0,  -66.38
280.1,  -66.00
280.2,  -66.26
280.3,  -66.39
280.5,  -65.49
280.6,  -64.54
280.7,  -64.52
280.8,  -65.25
280.9,  -65.19
281.0,  -64.75
281.1,  -64.77
281.2,  -64.84
281.3,  -71.50
281.5,  -64.53
281.6,  -64.89
281.7,  -58.16
281.8,  -65.09
281.9,  -65.06
282.0,  -66.12
282.1,  -65.95
282.2,  -65.93
282.4,  -66.08
282.5,  -66.40
282.6,  -66.32
282.7,  -61.94
282.8,  -62.48
282.9,  -64.96
283.0,  -68.69
283.1,  -67.61
283.2,  -65.14
283.4,  -65.53
283.5,  -65.56
283.6,  -65.48
283.7,  -64.98
283.8,  -64.76
283.9,  -65.00
284.0,  -65.52
284.1,  -65.71
284.2,  -65.47
284.4,  -65.57
284.5,  -65.54
284.6,  -65.56
284.7,  -65.03
284.8,  -64.95
284.9,  -65.25
285.0,  -60.60
285.1,  -62.25
285.2,  -64.74
285.4,  -64.90
285.5,  -65.51
285.6,  -65.71
285.7,  -59.35
285.8,  -66.38
285.9,  -65.88
286.0,  -66.23
286.1,  -66.50
286.3,  -66.59
286.4,  -66.12
286.5,  -66.32
286.6,  -66.16
286.7,  -65.59
286.8,  -65.46
286.9,  -65.59
287.0,  -65.64
287.1,  -65.82
287.3,  -65.40
287.4,  -72.30
287.5,  -65.33
287.6,  -65.19
287.7,  -64.93
287.8,  -64.76
287.9,  -64.38
288.0,  -64.92
288.1,  -65.55
288.3,  -65.92
288.4,  -65.93
288.5,  -65.80
288.6,  -66.13
288.7,  -66.29
288.8,  -66.45
288.9,  -65.94
289.0,  -66.22
289.1,  -66.52
289.3,  -65.79
289.4,  -65.31
289.5,  -65.58
289.6,  -65.55
289.7,  -65.67
289.8,  -65.61
289.9,  -65.40
290.0,  -60.38
290.1,  -63.79
290.3,  -65.75
290.4,  -65.92
290.5,  -65.55
290.6,  -65.49
290.7,  -65.30
290.8,  -64.68
290.9,  -64.75
291.0,  -65.02
291.2,  -65.85
291.3,  -65.94
291.4,  -60.28
291.5,  -63.43
291.6,  -65.48
291.7,  -65.54
291.8,  -65.58
291.9,  -65.40
292.0,  -65.48
292.2,  -66.02
292.3,  -66.25
292.4,  -65.96
292.5,  -65.87
292.6,  -65.80
292.7,  -66.49
292.8,  -66.39
292.9,  -66.55
293.0,  -66.10
293.2,  -66.14
293.3,  -66.19
293.4,  -66.40
293.5,  -66.39
293.6,  -66.52
293.7,  -66.02
293.8,  -65.82
293.9,  -66.18
294.0,  -66.48
294.2,  -66.41
294.3,  -66.17
294.4,  -65.69
294.5,  -65.66
294.6,  -65.68
294.7,  -65.22
294.8,  -65.59
294.9,  -65.90
295.1,  -66.71
295.2,  -67.09
295.3,  -67.10
295.4,  -67.30
295.5,  -67.30
295.6,  -66.60
295.7,  -71.65
295.8,  -67.78
295.9,  -66.53
296.1,  -65.94
296.2,  -66.29
296.3,  -66.21
296.4,  -65.03
296.5,  -65.03
296.6,  -65.43
296.7,  -65.60
296.8,  -65.73
296.9,  -65.68
297.1,  -65.10
297.2,  -65.38
297.3,  -66.08
297.4,  -59.70
297.5,  -64.74
297.6,  -65.32
297.7,  -69.94
297.8,  -64.88
297.9,  -63.53
298.1,  -63.36
298.2,  -64.12
298.3,  -64.58
298.4,  -65.45
298.5,  -64.80
298.6,  -64.16
298.7,  -64.39
298.8,  -64.91
299.0,  -65.65
299.1,  -64.90
299.2,  -64.79
299.3,  -65.55
299.4,  -65.23
299.5,  -64.74
299.6,  -64.25
299.7,  -64.26
299.8,  -63.65
300.0,  -63.76
300.1,  -64.11
300.2,  -64.50
300.3,  -64.77
300.4,  -58.48
300.5,  -64.37
300.6,  -64.95
300.7,  -64.62
300.8,  -64.77
301.0,  -64.73
301.1,  -64.28
301.2,  -63.49
301.3,  -63.42
301.4,  -63.20
301.5,  -64.02
301.6,  -63.89
301.7,  -64.10
301.8,  -64.43
302.0,  -64.64
302.1,  -64.44
302.2,  -64.78
302.3,  -64.36
302.4,  -64.02
302.5,  -64.42
302.6,  -64.64
302.7,  -58.47
302.8,  -64.87
303.0,  -64.79
303.1,  -65.13
303.2,  -65.20
303.3,  -64.82
303.4,  -64.48
303.5,  -64.12
303.6,  -64.10
303.7,  -64.34
303.9,  -63.99
304.0,  -63.22
304.1,  -56.79
304.2,  -64.39
304.3,  -64.48
304.4,  -64.36
304.5,  -64.16
304.6,  -64.45
304.7,  -63.96
304.9,  -64.11
305.0,  -65.02
305.1,  -65.15
305.2,  -65.40
305.3,  -65.06
305.4,  -64.63
305.5,  -64.75
305.6,  -64.97
305.7,  -65.55
305.9,  -65.13
306.0,  -65.05
306.1,  -65.08
306.2,  -65.40
306.3,  -65.53
306.4,  -64.58
306.5,  -64.44
306.6,  -64.18
306.7,  -64.12
306.9,  -64.41
307.0,  -65.14
307.1,  -64.71
307.2,  -63.90
307.3,  -63.52
307.4,  -63.77
307.5,  -64.04
307.6,  -64.45
307.8,  -64.33
307.9,  -64.30
308.0,  -64.70
308.1,  -70.95
308.2,  -64.20
308.3,  -64.28
308.4,  -64.28
308.5,  -63.87
308.6,  -63.80
308.8,  -65.05
308.9,  -64.71
309.0,  -64.52
309.1,  -64.46
309.2,  -64.80
309.3,  -64.93
309.4,  -64.42
309.5,  -63.17
309.6,  -63.15
309.8,  -62.89
309.9,  -62.77
310.0,  -63.58
310.1,  -64.05
310.2,  -64.32
310.3,  -64.26
310.4,  -64.81
310.5,  -64.59
310.6,  -63.45
310.8,  -62.89
310.9,  -63.31
311.0,  -63.57
311.1,  -63.42
311.2,  -63.04
311.3,  -62.50
311.4,  -62.91
311.5,  -63.69
311.7,  -64.98
311.8,  -64.87
311.9,  -64.78
312.0,  -63.76
312.1,  -58.19
312.2,  -64.34
312.3,  -63.82
312.4,  -63.87
312.5,  -64.12
312.7,  -64.48
312.8,  -65.36
312.9,  -65.51
313.0,  -64.67
313.1,  -63.99
313.2,  -64.07
313.3,  -64.13
313.4,  -64.09
313.5,  -64.18
313.7,  -64.82
313.8,  -64.74
313.9,  -64.66
314.0,  -64.28
314.1,  -63.71
314.2,  -63.70
314.3,  -65.38
314.4,  -69.95
314.5,  -64.07
314.7,  -64.36
314.8,  -64.30
314.9,  -64.39
315.0,  -64.36
315.1,  -64.51
315.2,  -64.52
315.3,  -63.95
315.4,  -64.02
315.5,  -64.26
315.7,  -64.34
315.8,  -64.17
315.9,  -63.95
316.0,  -64.02
316.1,  -64.39
316.2,  -64.08
316.3,  -63.90
316.4,  -64.03
316.6,  -64.22
316.7,  -65.73
316.8,  -69.37
316.9,  -63.80
317.0,  -63.87
317.1,  -63.65
317.2,  -63.54
317.3,  -63.28
317.4,  -62.93
317.6,  -63.11
317.7,  -63.01
317.8,  -63.44
317.9,  -63.99
318.0,  -63.87
318.1,  -63.76
318.2,  -63.22
318.3,  -63.00
318.4,  -63.27
318.6,  -63.46
318.7,  -63.72
318.8,  -63.68
318.9,  -63.22
319.0,  -65.43
319.1,  -69.49
319.2,  -64.04
319.3,  -64.07
319.4,  -63.66
319.6,  -63.41
319.7,  -63.92
319.8,  -64.07
319.9,  -64.21
320.0,  -66.10
320.1,  -69.65
320.2,  -63.98
320.3,  -63.03
320.5,  -63.12
320.6,  -63.06
320.7,  -62.57
320.8,  -62.80
320.9,  -62.51
321.0,  -62.58
321.1,  -62.23
321.2,  -62.09
321.3,  -61.01
321.5,  -58.40
321.6,  -63.41
321.7,  -65.70
321.8,  -67.25
321.9,  -61.56
322.0,  -62.15
322.1,  -62.95
322.2,  -63.51
322.3,  -64.05
322.5,  -63.76
322.6,  -63.02
322.7,  -62.47
322.8,  -62.98
322.9,  -63.68
323.0,  -63.97
323.1,  -63.39
323.2,  -63.20
323.3,  -63.60
323.5,  -63.68
323.6,  -63.85
323.7,  -63.56
323.8,  -62.80
323.9,  -62.52
324.0,  -62.60
324.1,  -63.10
324.2,  -62.58
324.4,  -61.66
324.5,  -61.89
324.6,  -62.63
324.7,  -62.93
324.8,  -62.72
324.9,  -63.01
325.0,  -63.11
325.1,  -62.89
325.2,  -63.01
325.4,  -63.42
325.5,  -64.34
325.6,  -64.58
325.7,  -64.72
325.8,  -64.60
325.9,  -64.04
326.0,  -63.86
326.1,  -63.54
326.2,  -63.61
326.4,  -63.80
326.5,  -63.59
326.6,  -63.17
326.7,  -62.65
326.8,  -62.12
326.9,  -62.14
327.0,  -63.09
327.1,  -64.31
327.2,  -64.28
327.4,  -63.37
327.5,  -63.11
327.6,  -63.07
327.7,  -62.84
327.8,  -62.67
327.9,  -62.38
328.0,  -62.21
328.1,  -62.54
328.2,  -62.37
328.4,  -62.15
328.5,  -62.00
328.6,  -62.81
328.7,  -63.38
328.8,  -63.03
328.9,  -62.75
329.0,  -62.78
329.1,  -63.12
329.3,  -63.48
329.4,  -63.42
329.5,  -63.23
329.6,  -63.19
329.7,  -62.95
329.8,  -62.89
329.9,  -62.59
330.0,  -62.30
330.1,  -62.55
330.3,  -62.55
330.4,  -62.65
330.5,  -62.68
330.6,  -62.17
330.7,  -61.62
330.8,  -61.57
330.9,  -61.68
331.0,  -62.11
331.1,  -62.45
331.3,  -62.64
331.4,  -62.53
331.5,  -61.90
331.6,  -61.62
331.7,  -62.00
331.8,  -62.59
331.9,  -62.93
332.0,  -62.77
332.1,  -62.36
332.3,  -61.97
332.4,  -61.84
332.5,  -62.01
332.6,  -62.54
332.7,  -63.12
332.8,  -62.93
332.9,  -62.58
333.0,  -62.54
333.2,  -62.71
333.3,  -63.03
333.4,  -63.24
333.5,  -62.72
333.6,  -62.09
333.7,  -61.92
333.8,  -61.95
333.9,  -61.75
334.0,  -62.01
334.2,  -62.59
334.3,  -62.47
334.4,  -62.06
334.5,  -62.07
334.6,  -62.10
334.7,  -62.27
334.8,  -62.10
334.9,  -61.54
335.0,  -61.66
335.2,  -61.46
335.3,  -61.73
335.4,  -61.59
335.5,  -61.23
335.6,  -61.15
335.7,  -60.92
335.8,  -67.67
335.9,  -60.92
336.0,  -61.28
336.2,  -54.97
336.3,  -62.49
336.4,  -62.48
336.5,  -62.18
336.6,  -61.58
336.7,  -61.87
336.8,  -62.17
336.9,  -62.25
337.1,  -62.36
337.2,  -69.09
337.3,  -61.44
337.4,  -60.55
337.5,  -60.39
337.6,  -60.11
337.7,  -60.00
337.8,  -59.71
337.9,  -60.35
338.1,  -61.37
338.2,  -61.67
338.3,  -61.03
338.4,  -60.69
338.5,  -61.27
338.6,  -61.79
338.7,  -61.83
338.8,  -62.08
338.9,  -61.72
339.1,  -61.28
339.2,  -61.21
339.3,  -60.82
339.4,  -61.00
339.5,  -61.44
339.6,  -61.91
339.7,  -61.59
339.8,  -61.61
339.9,  -61.84
340.1,  -61.50
340.2,  -60.85
340.3,  -60.06
340.4,  -60.16
340.5,  -60.97
340.6,  -60.80
340.7,  -60.70
340.8,  -60.63
340.9,  -60.67
341.1,  -60.93
341.2,  -61.31
341.3,  -61.23
341.4,  -61.35
341.5,  -61.63
341.6,  -61.33
341.7,  -61.44
341.8,  -61.22
342.0,  -60.95
342.1,  -60.79
342.2,  -61.36
342.3,  -61.48
342.4,  -61.11
342.5,  -61.36
342.6,  -61.40
342.7,  -61.34
342.8,  -61.17
343.0,  -61.15
343.1,  -61.03
343.2,  -60.89
343.3,  -61.10
343.4,  -61.52
343.5,  -61.25
343.6,  -60.41
343.7,  -59.82
343.8,  -60.53
344.0,  -60.73
344.1,  -60.68
344.2,  -60.68
344.3,  -60.47
344.4,  -60.40
344.5,  -61.08
344.6,  -60.81
344.7,  -60.46
344.8,  -61.34
345.0,  -61.50
345.1,  -61.44
345.2,  -61.63
345.3,  -61.64
345.4,  -61.73
345.5,  -60.89
345.6,  -60.32
345.7,  -61.19
345.9,  -61.64
346.0,  -61.35
346.1,  -61.22
346.2,  -60.94
346.3,  -60.60
346.4,  -60.03
346.5,  -59.78
346.6,  -60.44
346.7,  -60.83
346.9,  -61.13
347.0,  -60.92
347.1,  -60.82
347.2,  -61.20
347.3,  -61.70
347.4,  -61.64
347.5,  -60.96
347.6,  -60.82
347.7,  -60.42
347.9,  -60.94
348.0,  -61.38
348.1,  -61.44
348.2,  -61.49
348.3,  -61.43
348.4,  -61.55
348.5,  -61.19
348.6,  -60.78
348.7,  -61.12
348.9,  -61.36
349.0,  -61.66
349.1,  -61.21
349.2,  -60.95
349.3,  -60.40
349.4,  -59.88
349.5,  -59.93
349.6,  -60.27
349.8,  -60.37
349.9,  -60.51
350.0,  -61.02
350.1,  -61.27
350.2,  -60.86
350.3,  -60.91
350.4,  -60.60
350.5,  -60.45
350.6,  -60.48
350.8,  -60.67
350.9,  -60.83
351.0,  -60.77
351.1,  -60.69
351.2,  -60.86
351.3,  -61.29
351.4,  -61.35
351.5,  -61.22
351.6,  -61.28
351.8,  -60.78
351.9,  -59.79
352.0,  -59.09
352.1,  -59.58
352.2,  -60.63
352.3,  -60.95
352.4,  -61.32
352.5,  -61.69
352.6,  -62.06
352.8,  -61.98
352.9,  -61.92
353.0,  -61.81
353.1,  -61.98
353.2,  -61.85
353.3,  -61.98
353.4,  -62.02
353.5,  -61.66
353.6,  -60.98
353.8,  -60.70
353.9,  -61.04
354.0,  -60.76
354.1,  -60.79
354.2,  -60.52
354.3,  -60.27
354.4,  -59.90
354.5,  -60.30
354.7,  -60.34
354.8,  -60.60
354.9,  -60.64
355.0,  -61.12
355.1,  -61.18
355.2,  -61.50
355.3,  -61.94
355.4,  -62.00
355.5,  -61.40
355.7,  -61.11
355.8,  -55.50
355.9,  -61.28
356.0,  -55.69
356.1,  -61.99
356.2,  -62.29
356.3,  -62.74
356.4,  -62.80
356.5,  -62.55
356.7,  -62.76
356.8,  -62.30
356.9,  -60.93
357.0,  -60.76
357.1,  -61.33
357.2,  -61.41
357.3,  -61.54
357.4,  -61.58
357.5,  -61.30
357.7,  -61.50
357.8,  -61.48
357.9,  -61.08
358.0,  -61.13
358.1,  -61.32
358.2,  -61.80
358.3,  -61.70
358.4,  -61.40
358.6,  -61.41
358.7,  -61.19
358.8,  -61.95
358.9,  -62.05
359.0,  -62.23
359.1,  -62.57
359.2,  -62.75
359.3,  -62.81
359.4,  -62.52
359.6,  -62.21
359.7,  -62.28
359.8,  -62.25
359.9,  -62.84
