-20.0,    9.58
-19.9,    9.82
-19.8,    9.57
-19.7,    9.55
-19.6,    9.58
-19.4,    8.77
-19.3,    8.77
-19.2,    8.43
-19.1,    8.73
-19.0,    8.34
-18.9,    7.68
-18.8,    7.99
-18.7,    8.42
-18.6,    8.84
-18.4,    9.49
-18.3,    9.08
-18.2,    8.20
-18.1,    7.74
-18.0,    8.14
-17.9,    8.90
-17.8,    8.82
-17.7,    8.61
-17.6,    9.34
-17.4,    9.82
-17.3,    8.90
-17.2,    9.45
-17.1,    9.61
-17.0,    9.54
-16.9,    9.11
-16.8,    9.01
-16.7,    8.29
-16.6,    9.14
-16.4,    9.73
-16.3,    9.29
-16.2,    9.10
-16.1,    8.81
-16.0,    8.45
-15.9,    8.21
-15.8,    8.98
-15.7,    8.91
-15.6,    8.51
-15.4,    8.40
-15.3,    8.04
-15.2,    8.22
-15.1,    8.33
-15.0,    9.28
-14.9,    9.05
-14.8,    8.49
-14.7,    7.62
-14.6,    8.14
-14.4,    8.68
-14.3,    8.66
-14.2,    8.25
-14.1,    8.38
-14.0,    7.83
-13.9,    8.32
-13.8,    8.84
-13.7,    9.21
-13.6,    9.01
-13.4,    8.36
-13.3,    7.97
-13.2,    8.92
-13.1,    8.73
-13.0,    8.53
-12.9,    8.35
-12.8,    8.26
-12.7,    7.96
-12.6,    8.68
-12.4,    8.18
-12.3,    8.74
-12.2,    9.06
-12.1,    8.94
-12.0,    8.94
-11.9,    8.13
-11.8,    8.45
-11.7,    8.87
-11.6,    8.54
-11.4,    8.14
-11.3,    8.17
-11.2,    8.77
-11.1,    8.81
-11.0,    8.42
-10.9,    9.08
-10.8,    9.69
-10.7,    9.20
-10.6,    8.19
-10.4,    8.55
-10.3,    8.23
-10.2,    8.06
-10.1,    8.13
-10.0,    8.33
 -9.9,    8.37
 -9.8,    8.44
 -9.7,    9.15
 -9.5,    8.78
 -9.4,    8.46
 -9.3,    8.37
 -9.2,    8.30
 -9.1,    8.27
 -9.0,    8.95
 -8.9,    8.88
 -8.8,    8.35
 -8.7,    8.60
 -8.5,    8.99
 -8.4,    9.24
 -8.3,    9.81
 -8.2,   10.19
 -8.1,    9.80
 -8.0,    9.74
 -7.9,    9.20
 -7.8,    8.92
 -7.7,    8.56
 -7.5,    8.78
 -7.4,    9.01
 -7.3,    8.87
 -7.2,    8.62
 -7.1,    8.83
 -7.0,    8.95
 -6.9,    9.53
 -6.8,    9.21
 -6.7,    9.39
 -6.5,    9.57
 -6.4,    9.22
 -6.3,    9.40
 -6.2,    8.95
 -6.1,    8.90
 -6.0,    9.69
 -5.9,    9.76
 -5.8,   10.28
 -5.7,    9.35
 -5.5,   10.19
 -5.4,    9.79
 -5.3,    9.83
 -5.2,    9.90
 -5.1,    9.81
 -5.0,    9.30
 -4.9,    9.00
 -4.8,    8.85
 -4.7,    9.06
 -4.5,    9.73
 -4.4,    9.91
 -4.3,    9.63
 -4.2,    9.56
 -4.1,    9.62
 -4.0,    9.41
 -3.9,    9.31
 -3.8,   10.20
 -3.7,    9.52
 -3.5,    8.82
 -3.4,    9.15
 -3.3,    9.59
 -3.2,    9.57
 -3.1,    8.66
 -3.0,    8.34
 -2.9,    8.98
 -2.8,    9.08
 -2.7,    8.71
 -2.5,    8.32
 -2.4,    8.11
 -2.3,    8.55
 -2.2,    8.56
 -2.1,    9.59
 -2.0,    9.70
 -1.9,    8.80
 -1.8,    8.42
 -1.7,    8.21
 -1.5,    8.56
 -1.4,    8.50
 -1.3,    8.48
 -1.2,    8.75
 -1.1,    8.69
 -1.0,    7.92
 -0.9,    7.80
 -0.8,    8.33
 -0.7,    8.72
 -0.5,    8.89
 -0.4,    9.50
 -0.3,    9.66
 -0.2,    9.36
 -0.1,   -5.68
  0.0,  -23.31
  0.1,  -66.97
  0.2,  -79.21
  0.3,  -69.63
  0.5,  -58.77
  0.6,  -35.78
  0.7,  -26.46
  0.8,  -20.63
  0.9,  -16.66
  1.0,  -13.82
  1.1,  -11.57
  1.2,  -10.36
  1.3,   -8.93
  1.5,   -8.93
  1.6,  -15.04
  1.7,   -7.49
  1.8,   -6.67
  1.9,   -6.09
  2.0,   -5.30
  2.1,   -4.64
  2.2,   -4.25
  2.3,   -4.50
  2.5,   -4.67
  2.6,   -4.90
  2.7,   -4.38
  2.8,   -3.53
  2.9,   -3.31
  3.0,   -3.04
  3.1,   -2.11
  3.2,   -1.78
  3.3,   -1.20
  3.5,   -1.37
  3.6,   -1.94
  3.7,   -1.98
  3.8,   -1.41
  3.9,   -1.53
  4.0,   -0.57
  4.1,   -0.12
  4.2,   -0.57
  4.3,   -1.22
  4.5,   -1.33
  4.6,   -0.78
  4.7,   -0.81
  4.8,   -1.93
  4.9,    8.69
  5.0,   23.50
  5.1,   56.92
  5.2,   74.38
  5.3,   83.39
  5.5,   68.26
  5.6,   46.89
  5.7,   34.51
  5.8,   24.90
  5.9,   19.48
  6.0,   14.95
  6.1,   11.54
  6.2,    8.36
  6.3,    5.47
  6.5,    3.34
  6.6,    1.57
  6.7,    5.46
  6.8,   -3.14
  6.9,   -5.73
  7.0,   -8.30
  7.1,  -10.37
  7.2,  -12.43
  7.3,  -16.29
  7.5,  -18.85
  7.6,  -20.02
  7.7,  -22.31
  7.8,  -25.37
  7.9,  -28.19
  8.0,  -31.25
  8.1,  -27.41
  8.2,  -37.39
  8.3,  -40.53
  8.5,  -43.64
  8.6,  -45.55
  8.7,  -48.66
  8.8,  -52.28
  8.9,  -55.13
  9.0,  -58.25
  9.1,  -61.81
  9.2,  -64.79
  9.4,  -68.33
  9.5,  -71.49
  9.6,  -74.12
  9.7,  -77.56
  9.8,  -80.93
  9.9,  -82.81
 10.0,  -85.48
 10.1,  -82.87
 10.2,  -91.39
 10.4,  -88.45
 10.5,  -97.50
 10.6, -100.28
 10.7, -102.91
 10.8, -105.40
 10.9, -107.66
 11.0, -109.72
 11.1, -112.06
 11.2, -114.05
 11.4, -116.80
 11.5, -118.99
 11.6, -120.85
 11.7, -116.59
 11.8, -123.71
 11.9, -125.71
 12.0, -127.31
 12.1, -129.09
 12.2, -130.81
 12.4, -132.71
 12.5, -133.57
 12.6, -134.15
 12.7, -135.50
 12.8, -137.63
 12.9, -138.59
 13.0, -139.46
 13.1, -140.87
 13.2, -141.63
 13.4, -142.53
 13.5, -143.23
 13.6, -143.86
 13.7, -144.29
 13.8, -145.25
 13.9, -145.87
 14.0, -146.25
 14.1, -146.99
 14.2, -148.18
 14.4, -149.22
 14.5, -149.32
 14.6, -149.65
 14.7, -150.10
 14.8, -150.44
 14.9, -150.45
 15.0, -150.32
 15.1, -150.87
 15.2, -151.67
 15.4, -152.93
 15.5, -152.43
 15.6, -152.19
 15.7, -152.80
 15.8, -153.27
 15.9, -153.55
 16.0, -153.48
 16.1, -154.02
 16.2, -154.97
 16.4, -155.11
 16.5, -155.09
 16.6, -154.64
 16.7, -154.58
 16.8, -155.89
 16.9, -156.29
 17.0, -156.45
 17.1, -156.85
 17.2, -156.93
 17.4, -157.06
 17.5, -157.39
 17.6, -157.22
 17.7, -156.74
 17.8, -156.87
 17.9, -156.49
 18.0, -157.35
 18.1, -157.82
 18.2, -158.43
 18.4, -159.06
 18.5, -159.07
 18.6, -159.12
 18.7, -158.96
 18.8, -159.19
 18.9, -159.05
 19.0, -159.93
 19.1, -160.31
 19.2, -160.83
 19.4, -160.64
 19.5, -160.40
 19.6, -160.91
 19.7, -161.62
 19.8, -161.88
 19.9, -162.17
 20.0, -162.52
 20.1, -163.52
 20.2, -163.34
 20.4, -163.20
 20.5, -163.06
 20.6, -162.88
 20.7, -163.35
 20.8, -164.10
 20.9, -164.39
 21.0, -164.68
 21.1, -164.45
 21.2, -165.27
 21.4, -165.80
 21.5, -165.88
 21.6, -165.86
 21.7, -166.05
 21.8, -166.63
 21.9, -166.64
 22.0, -166.85
 22.1, -167.39
 22.2, -168.23
 22.4, -168.04
 22.5, -168.09
 22.6, -167.61
 22.7, -167.63
 22.8, -167.37
 22.9, -167.70
 23.0, -167.73
 23.1, -162.14
 23.2, -168.26
 23.4, -169.41
 23.5, -169.24
 23.6, -169.20
 23.7, -169.59
 23.8, -169.75
 23.9, -169.79
 24.0, -169.57
 24.1, -169.47
 24.2, -169.71
 24.4, -170.75
 24.5, -171.36
 24.6, -172.02
 24.7, -172.46
 24.8, -172.00
 24.9, -172.20
 25.0, -172.88
 25.1, -173.13
 25.2, -173.58
 25.4, -172.99
 25.5, -173.03
 25.6, -172.89
 25.7, -172.69
 25.8, -172.73
 25.9, -173.18
 26.0, -174.10
 26.1, -174.19
 26.2, -174.40
 26.4, -174.55
 26.5, -174.98
 26.6, -175.18
 26.7, -174.86
 26.8, -174.84
 26.9, -175.59
 27.0, -176.62
 27.1, -176.91
 27.2, -176.65
 27.4, -176.99
 27.5, -177.15
 27.6, -177.74
 27.7, -177.30
 27.8, -176.65
 27.9, -176.43
 28.0, -176.96
 28.1, -177.36
 28.3, -178.03
 28.4, -178.34
 28.5, -178.27
 28.6, -178.52
 28.7, -178.78
 28.8, -178.68
 28.9, -178.87
 29.0, -178.98
 29.1, -179.04
 29.3, -179.70
 29.4, -174.55
 29.5, -179.86
 29.6, -179.97
 29.7, -180.13
 29.8, -180.46
 29.9, -180.79
 30.0, -180.70
 30.1, -180.59
 30.3, -181.14
 30.4, -181.36
 30.5, -181.68
 30.6, -181.91
 30.7, -181.97
 30.8, -182.47
 30.9, -182.80
 31.0, -189.18
 31.1, -184.62
 31.3, -184.18
 31.4, -184.24
 31.5, -184.07
 31.6, -184.81
 31.7, -184.96
 31.8, -185.13
 31.9, -185.11
 32.0, -184.56
 32.1, -184.68
 32.3, -183.75
 32.4, -183.31
 32.5, -184.13
 32.6, -184.53
 32.7, -184.62
 32.8, -184.67
 32.9, -184.70
 33.0, -185.38
 33.1, -185.59
 33.3, -185.43
 33.4, -185.24
 33.5, -184.93
 33.6, -185.17
 33.7, -185.53
 33.8, -186.29
 33.9, -186.66
 34.0, -186.62
 34.1, -186.42
 34.3, -186.80
 34.4, -186.60
 34.5, -186.20
 34.6, -186.19
 34.7, -186.70
 34.8, -187.06
 34.9, -186.62
 35.0, -186.25
 35.1, -186.13
 35.3, -185.65
 35.4, -185.63
 35.5, -185.99
 35.6, -186.28
 35.7, -187.07
 35.8, -187.80
 35.9, -188.25
 36.0, -188.49
 36.1, -188.35
 36.3, -188.36
 36.4, -188.25
 36.5, -188.59
 36.6, -188.73
 36.7, -188.44
 36.8, -188.44
 36.9, -188.48
 37.0, -188.82
 37.1, -188.92
 37.3, -188.82
 37.4, -189.31
 37.5, -189.05
 37.6, -189.01
 37.7, -189.63
 37.8, -188.91
 37.9, -188.75
 38.0, -189.15
 38.1, -190.07
 38.3, -190.43
 38.4, -190.13
 38.5, -188.99
 38.6, -187.96
 38.7, -189.03
 38.8, -190.61
 38.9, -190.90
 39.0, -190.27
 39.1, -190.16
 39.3, -189.95
 39.4, -190.26
 39.5, -191.09
 39.6, -191.16
 39.7, -190.87
 39.8, -190.64
 39.9, -190.80
 40.0, -191.11
 40.1, -191.50
 40.3, -191.23
 40.4, -190.53
 40.5, -190.43
 40.6, -190.44
 40.7, -190.02
 40.8, -189.99
 40.9, -190.63
 41.0, -190.32
 41.1, -190.67
 41.3, -190.97
 41.4, -192.03
 41.5, -192.62
 41.6, -192.49
 41.7, -192.39
 41.8, -192.60
 41.9, -192.93
 42.0, -192.43
 42.1, -191.95
 42.3, -191.74
 42.4, -192.21
 42.5, -192.33
 42.6, -192.22
 42.7, -192.21
 42.8, -192.15
 42.9, -192.48
 43.0, -192.43
 43.1, -191.94
 43.3, -191.35
 43.4, -190.81
 43.5, -191.57
 43.6, -191.56
 43.7, -191.78
 43.8, -191.88
 43.9, -192.26
 44.0, -191.91
 44.1, -191.70
 44.3, -191.83
 44.4, -191.32
 44.5, -191.73
 44.6, -192.65
 44.7, -193.22
 44.8, -193.50
 44.9, -193.07
 45.0, -192.16
 45.1, -192.43
 45.3, -192.50
 45.4, -191.89
 45.5, -192.30
 45.6, -192.98
 45.7, -193.31
 45.8, -193.40
 45.9, -193.05
 46.0, -192.20
 46.1, -191.90
 46.3, -191.62
 46.4, -192.04
 46.5, -192.48
 46.6, -192.97
 46.7, -192.62
 46.8, -192.74
 46.9, -192.89
 47.0, -192.56
 47.2, -192.42
 47.3, -192.60
 47.4, -192.55
 47.5, -192.57
 47.6, -192.96
 47.7, -193.65
 47.8, -193.51
 47.9, -193.40
 48.0, -193.83
 48.2, -194.09
 48.3, -194.11
 48.4, -193.63
 48.5, -193.07
 48.6, -192.34
 48.7, -192.75
 48.8, -193.30
 48.9, -193.67
 49.0, -193.41
 49.2, -193.70
 49.3, -194.04
 49.4, -193.44
 49.5, -192.48
 49.6, -192.84
 49.7, -193.34
 49.8, -193.88
 49.9, -193.47
 50.0, -193.11
 50.2, -192.94
 50.3, -192.54
 50.4, -192.48
 50.5, -192.46
 50.6, -192.84
 50.7, -193.97
 50.8, -193.79
 50.9, -193.53
 51.0, -193.56
 51.2, -194.55
 51.3, -194.88
 51.4, -195.07
 51.5, -194.89
 51.6, -194.30
 51.7, -194.30
 51.8, -193.90
 51.9, -193.51
 52.0, -193.67
 52.2, -193.41
 52.3, -193.25
 52.4, -193.66
 52.5, -193.50
 52.6, -193.17
 52.7, -193.24
 52.8, -193.34
 52.9, -193.26
 53.0, -193.26
 53.2, -192.89
 53.3, -193.41
 53.4, -193.35
 53.5, -193.50
 53.6, -193.54
 53.7, -193.36
 53.8, -193.00
 53.9, -193.13
 54.0, -193.29
 54.2, -193.72
 54.3, -193.25
 54.4, -192.34
 54.5, -192.55
 54.6, -192.89
 54.7, -193.01
 54.8, -193.01
 54.9, -193.36
 55.0, -192.90
 55.2, -192.02
 55.3, -191.57
 55.4, -191.61
 55.5, -192.41
 55.6, -192.95
 55.7, -192.64
 55.8, -192.74
 55.9, -192.59
 56.0, -191.94
 56.2, -191.40
 56.3, -191.62
 56.4, -192.19
 56.5, -191.98
 56.6, -191.52
 56.7, -191.30
 56.8, -191.57
 56.9, -191.40
 57.0, -191.46
 57.2, -191.85
 57.3, -192.07
 57.4, -191.96
 57.5, -191.88
 57.6, -191.62
 57.7, -191.74
 57.8, -192.07
 57.9, -192.38
 58.0, -192.11
 58.2, -191.45
 58.3, -191.39
 58.4, -190.96
 58.5, -191.21
 58.6, -191.49
 58.7, -191.71
 58.8, -191.02
 58.9, -190.78
 59.0, -191.27
 59.2, -191.35
 59.3, -190.50
 59.4, -190.40
 59.5, -190.38
 59.6, -190.60
 59.7, -191.10
 59.8, -190.94
 59.9, -190.57
 60.0, -190.45
 60.2, -190.94
 60.3, -191.42
 60.4, -192.17
 60.5, -191.84
 60.6, -191.27
 60.7, -191.27
 60.8, -191.39
 60.9, -191.48
 61.0, -191.49
 61.2, -190.84
 61.3, -190.39
 61.4, -190.55
 61.5, -190.69
 61.6, -190.70
 61.7, -189.78
 61.8, -189.46
 61.9, -188.99
 62.0, -189.57
 62.2, -190.05
 62.3, -190.07
 62.4, -188.97
 62.5, -188.87
 62.6, -188.98
 62.7, -188.27
 62.8, -188.39
 62.9, -189.07
 63.0, -189.20
 63.2, -189.06
 63.3, -188.90
 63.4, -189.74
 63.5, -190.63
 63.6, -191.29
 63.7, -190.76
 63.8, -189.84
 63.9, -188.85
 64.0, -188.72
 64.2, -188.57
 64.3, -188.92
 64.4, -189.58
 64.5, -190.19
 64.6, -190.31
 64.7, -190.04
 64.8, -189.69
 64.9, -189.38
 65.0, -189.34
 65.2, -189.59
 65.3, -190.11
 65.4, -190.05
 65.5, -190.03
 65.6, -189.67
 65.7, -188.13
 65.8, -188.48
 65.9, -189.08
 66.1, -189.36
 66.2, -189.11
 66.3, -188.96
 66.4, -188.65
 66.5, -188.87
 66.6, -188.80
 66.7, -189.00
 66.8, -188.85
 66.9, -189.09
 67.1, -189.26
 67.2, -190.05
 67.3, -189.27
 67.4, -188.54
 67.5, -188.60
 67.6, -189.09
 67.7, -189.65
 67.8, -189.64
 67.9, -189.34
 68.1, -188.68
 68.2, -188.32
 68.3, -188.18
 68.4, -188.34
 68.5, -188.51
 68.6, -188.62
 68.7, -193.77
 68.8, -189.84
 68.9, -188.61
 69.1, -188.11
 69.2, -187.81
 69.3, -187.72
 69.4, -187.93
 69.5, -187.67
 69.6, -187.70
 69.7, -187.68
 69.8, -187.59
 69.9, -187.62
 70.1, -182.75
 70.2, -186.44
 70.3, -187.95
 70.4, -187.66
 70.5, -187.67
 70.6, -187.81
 70.7, -187.19
 70.8, -187.65
 70.9, -188.24
 71.1, -187.56
 71.2, -187.46
 71.3, -187.33
 71.4, -187.41
 71.5, -187.14
 71.6, -187.30
 71.7, -187.72
 71.8, -187.55
 71.9, -187.18
 72.1, -186.41
 72.2, -185.94
 72.3, -185.88
 72.4, -185.38
 72.5, -185.17
 72.6, -184.70
 72.7, -185.03
 72.8, -185.06
 72.9, -185.46
 73.1, -185.68
 73.2, -185.64
 73.3, -185.62
 73.4, -186.14
 73.5, -186.10
 73.6, -185.76
 73.7, -186.27
 73.8, -186.39
 73.9, -186.23
 74.1, -186.30
 74.2, -186.16
 74.3, -185.78
 74.4, -185.43
 74.5, -185.68
 74.6, -185.82
 74.7, -186.45
 74.8, -186.47
 74.9, -185.31
 75.1, -185.10
 75.2, -184.99
 75.3, -185.05
 75.4, -184.99
 75.5, -185.64
 75.6, -185.93
 75.7, -186.09
 75.8, -186.02
 75.9, -185.61
 76.1, -184.90
 76.2, -184.42
 76.3, -184.26
 76.4, -184.62
 76.5, -185.09
 76.6, -185.04
 76.7, -185.27
 76.8, -185.14
 76.9, -184.45
 77.1, -184.02
 77.2, -184.09
 77.3, -184.38
 77.4, -185.19
 77.5, -185.14
 77.6, -184.70
 77.7, -183.99
 77.8, -184.21
 77.9, -185.02
 78.1, -185.50
 78.2, -185.68
 78.3, -184.84
 78.4, -183.87
 78.5, -183.07
 78.6, -182.33
 78.7, -182.42
 78.8, -182.90
 78.9, -183.76
 79.1, -183.86
 79.2, -183.75
 79.3, -183.90
 79.4, -184.18
 79.5, -183.81
 79.6, -183.27
 79.7, -183.47
 79.8, -183.48
 79.9, -183.91
 80.1, -184.57
 80.2, -184.57
 80.3, -183.96
 80.4, -183.47
 80.5, -183.46
 80.6, -183.99
 80.7, -184.87
 80.8, -184.94
 80.9, -184.56
 81.1, -184.44
 81.2, -184.51
 81.3, -184.33
 81.4, -184.86
 81.5, -184.68
 81.6, -184.03
 81.7, -183.61
 81.8, -183.39
 81.9, -183.12
 82.1, -183.48
 82.2, -183.68
 82.3, -183.32
 82.4, -182.78
 82.5, -182.86
 82.6, -182.49
 82.7, -182.23
 82.8, -182.27
 82.9, -182.69
 83.1, -183.38
 83.2, -184.04
 83.3, -183.75
 83.4, -182.72
 83.5, -182.34
 83.6, -181.68
 83.7, -182.06
 83.8, -182.34
 83.9, -182.94
 84.1, -182.59
 84.2, -182.18
 84.3, -182.47
 84.4, -182.96
 84.5, -182.73
 84.6, -182.11
 84.7, -181.90
 84.8, -181.61
 85.0, -181.47
 85.1, -181.95
 85.2, -182.09
 85.3, -182.24
 85.4, -182.31
 85.5, -182.41
 85.6, -182.14
 85.7, -182.10
 85.8, -181.77
 86.0, -181.54
 86.1, -181.43
 86.2, -181.46
 86.3, -180.79
 86.4, -180.67
 86.5, -180.99
 86.6, -181.40
 86.7, -181.47
 86.8, -180.95
 87.0, -180.75
 87.1, -180.87
 87.2, -180.99
 87.3, -180.90
 87.4, -173.95
 87.5, -181.27
 87.6, -181.37
 87.7, -181.42
 87.8, -180.90
 88.0, -180.61
 88.1, -180.73
 88.2, -180.85
 88.3, -180.76
 88.4, -180.16
 88.5, -179.41
 88.6, -179.36
 88.7, -186.15
 88.8, -179.24
 89.0, -179.52
 89.1, -180.12
 89.2, -180.10
 89.3, -179.12
 89.4, -179.08
 89.5, -179.65
 89.6, -179.72
 89.7, -179.90
 89.8, -179.72
 90.0, -179.40
 90.1, -179.66
 90.2, -179.55
 90.3, -179.18
 90.4, -179.18
 90.5, -178.90
 90.6, -178.90
 90.7, -178.22
 90.8, -177.93
 91.0, -177.83
 91.1, -177.61
 91.2, -177.89
 91.3, -178.06
 91.4, -177.71
 91.5, -178.00
 91.6, -178.48
 91.7, -177.88
 91.8, -178.21
 92.0, -178.33
 92.1, -177.66
 92.2, -177.37
 92.3, -177.70
 92.4, -178.09
 92.5, -177.80
 92.6, -176.91
 92.7, -176.37
 92.8, -176.18
 93.0, -176.35
 93.1, -176.52
 93.2, -176.37
 93.3, -176.57
 93.4, -176.86
 93.5, -176.21
 93.6, -175.53
 93.7, -176.18
 93.8, -176.93
 94.0, -177.64
 94.1, -177.23
 94.2, -177.05
 94.3, -176.54
 94.4, -176.35
 94.5, -176.15
 94.6, -176.13
 94.7, -175.66
 94.8, -175.48
 95.0, -175.17
 95.1, -174.78
 95.2, -174.98
 95.3, -174.69
 95.4, -174.86
 95.5, -174.97
 95.6, -175.07
 95.7, -174.86
 95.8, -174.55
 96.0, -174.02
 96.1, -173.95
 96.2, -173.83
 96.3, -174.03
 96.4, -174.77
 96.5, -174.73
 96.6, -174.35
 96.7, -173.92
 96.8, -173.99
 97.0, -174.41
 97.1, -174.32
 97.2, -174.14
 97.3, -174.18
 97.4, -174.06
 97.5, -173.92
 97.6, -173.56
 97.7, -174.00
 97.8, -173.81
 98.0, -173.65
 98.1, -173.28
 98.2, -173.07
 98.3, -172.98
 98.4, -173.47
 98.5, -173.65
 98.6, -173.60
 98.7, -173.32
 98.8, -172.74
 99.0, -173.07
 99.1, -173.53
 99.2, -173.46
 99.3, -173.09
 99.4, -172.86
 99.5, -172.75
 99.6, -172.60
 99.7, -172.50
 99.8, -172.35
100.0, -172.68
100.1, -172.47
100.2, -171.89
100.3, -172.59
100.4, -179.73
100.5, -172.47
100.6, -172.47
100.7, -172.43
100.8, -172.18
101.0, -172.27
101.1, -172.47
101.2, -172.42
101.3, -172.04
101.4, -171.16
101.5, -170.96
101.6, -171.73
101.7, -171.72
101.8, -171.37
102.0, -171.06
102.1, -171.17
102.2, -171.67
102.3, -171.86
102.4, -171.47
102.5, -171.06
102.6, -171.17
102.7, -171.01
102.8, -170.58
103.0, -170.61
103.1, -171.02
103.2, -171.32
103.3, -171.01
103.4, -170.57
103.5, -170.57
103.6, -170.14
103.7, -169.65
103.9, -165.27
104.0, -167.83
104.1, -170.86
104.2, -170.69
104.3, -170.21
104.4, -170.16
104.5, -170.37
104.6, -170.27
104.7, -170.32
104.9, -170.57
105.0, -170.74
105.1, -170.54
105.2, -170.35
105.3, -169.82
105.4, -169.33
105.5, -168.82
105.6, -169.11
105.7, -169.58
105.9, -169.69
106.0, -169.32
106.1, -169.26
106.2, -164.41
106.3, -166.11
106.4, -168.20
106.5, -167.60
106.6, -167.09
106.7, -167.31
106.9, -167.57
107.0, -167.73
107.1, -168.00
107.2, -167.55
107.3, -168.26
107.4, -168.70
107.5, -168.69
107.6, -168.53
107.7, -167.76
107.9, -167.35
108.0, -167.22
108.1, -167.16
108.2, -166.90
108.3, -167.36
108.4, -167.40
108.5, -167.19
108.6, -167.24
108.7, -167.32
108.9, -172.01
109.0, -169.56
109.1, -167.15
109.2, -166.67
109.3, -166.40
109.4, -166.93
109.5, -167.08
109.6, -166.60
109.7, -166.17
109.9, -166.12
110.0, -166.24
110.1, -166.98
110.2, -166.64
110.3, -166.34
110.4, -166.74
110.5, -166.71
110.6, -166.27
110.7, -164.99
110.9, -164.81
111.0, -164.94
111.1, -165.00
111.2, -165.72
111.3, -165.87
111.4, -165.89
111.5, -166.11
111.6, -166.21
111.7, -166.28
111.9, -166.46
112.0, -166.04
112.1, -165.80
112.2, -165.39
112.3, -164.90
112.4, -164.17
112.5, -164.26
112.6, -164.72
112.7, -164.85
112.9, -165.24
113.0, -165.83
113.1, -165.02
113.2, -164.96
113.3, -165.17
113.4, -164.68
113.5, -163.75
113.6, -163.64
113.7, -163.63
113.9, -163.67
114.0, -164.47
114.1, -164.49
114.2, -164.14
114.3, -163.71
114.4, -163.55
114.5, -163.55
114.6, -164.11
114.7, -165.14
114.9, -165.02
115.0, -164.21
115.1, -164.14
115.2, -163.77
115.3, -163.29
115.4, -163.32
115.5, -163.40
115.6, -163.37
115.7, -163.06
115.9, -158.41
116.0, -160.39
116.1, -163.37
116.2, -163.31
116.3, -162.97
116.4, -162.30
116.5, -162.26
116.6, -162.25
116.7, -162.41
116.9, -162.38
117.0, -162.44
117.1, -162.19
117.2, -161.94
117.3, -161.70
117.4, -161.65
117.5, -161.65
117.6, -161.52
117.7, -161.46
117.9, -161.20
118.0, -160.38
118.1, -160.89
118.2, -160.98
118.3, -160.62
118.4, -161.18
118.5, -161.02
118.6, -160.74
118.7, -160.93
118.9, -160.20
119.0, -159.62
119.1, -160.38
119.2, -160.44
119.3, -159.79
119.4, -159.46
119.5, -159.30
119.6, -159.11
119.7, -159.57
119.9, -160.05
120.0, -160.63
120.1, -160.98
120.2, -160.50
120.3, -159.88
120.4, -159.45
120.5, -159.69
120.6, -159.22
120.7, -159.06
120.9, -154.72
121.0, -156.98
121.1, -159.67
121.2, -159.61
121.3, -159.18
121.4, -158.43
121.5, -157.99
121.6, -157.97
121.7, -158.00
121.9, -158.34
122.0, -158.02
122.1, -157.44
122.2, -157.33
122.3, -157.91
122.4, -157.25
122.5, -157.02
122.6, -157.12
122.8, -156.67
122.9, -156.35
123.0, -156.38
123.1, -156.33
123.2, -156.79
123.3, -156.92
123.4, -157.31
123.5, -157.33
123.6, -156.88
123.8, -149.43
123.9, -156.15
124.0, -156.46
124.1, -156.91
124.2, -156.84
124.3, -155.73
124.4, -155.06
124.5, -154.88
124.6, -155.45
124.8, -155.26
124.9, -154.86
125.0, -154.19
125.1, -154.25
125.2, -154.40
125.3, -154.17
125.4, -154.61
125.5, -154.48
125.6, -154.28
125.8, -154.30
125.9, -154.28
126.0, -153.97
126.1, -153.57
126.2, -152.82
126.3, -152.55
126.4, -159.34
126.5, -152.25
126.6, -152.50
126.8, -152.66
126.9, -152.30
127.0, -152.10
127.1, -151.80
127.2, -151.83
127.3, -151.74
127.4, -151.57
127.5, -151.72
127.6, -151.97
127.8, -152.36
127.9, -152.12
128.0, -152.03
128.1, -145.48
128.2, -152.25
128.3, -152.05
128.4, -151.73
128.5, -151.36
128.6, -151.03
128.8, -151.11
128.9, -150.86
129.0, -150.90
129.1, -150.66
129.2, -150.91
129.3, -149.94
129.4, -149.59
129.5, -149.77
129.6, -149.92
129.8, -150.86
129.9, -151.28
130.0, -151.22
130.1, -150.74
130.2, -151.06
130.3, -150.98
130.4, -150.23
130.5, -149.96
130.6, -149.97
130.8, -150.09
130.9, -149.90
131.0, -149.35
131.1, -148.97
131.2, -149.22
131.3, -149.19
131.4, -148.35
131.5, -148.03
131.6, -148.47
131.8, -148.51
131.9, -148.91
132.0, -149.26
132.1, -148.68
132.2, -148.03
132.3, -147.78
132.4, -146.92
132.5, -146.90
132.6, -146.89
132.8, -147.24
132.9, -147.30
133.0, -147.21
133.1, -147.24
133.2, -147.15
133.3, -147.18
133.4, -146.93
133.5, -146.63
133.6, -146.46
133.8, -146.65
133.9, -146.58
134.0, -146.76
134.1, -146.93
134.2, -146.92
134.3, -146.65
134.4, -146.91
134.5, -146.24
134.6, -145.73
134.8, -145.95
134.9, -145.57
135.0, -145.21
135.1, -145.28
135.2, -145.71
135.3, -145.42
135.4, -145.16
135.5, -145.31
135.6, -144.94
135.8, -144.94
135.9, -144.55
136.0, -144.42
136.1, -144.40
136.2, -144.45
136.3, -144.37
136.4, -144.38
136.5, -144.18
136.6, -143.81
136.8, -144.23
136.9, -144.20
137.0, -143.03
137.1, -142.63
137.2, -142.64
137.3, -142.87
137.4, -143.15
137.5, -143.42
137.6, -143.72
137.8, -143.79
137.9, -143.69
138.0, -143.09
138.1, -149.48
138.2, -142.46
138.3, -141.71
138.4, -141.65
138.5, -141.54
138.6, -140.88
138.8, -140.70
138.9, -140.84
139.0, -141.27
139.1, -141.36
139.2, -141.82
139.3, -141.33
139.4, -144.55
139.5, -143.19
139.6, -139.98
139.8, -139.71
139.9, -139.64
140.0, -140.03
140.1, -140.29
140.2, -139.92
140.3, -139.34
140.4, -139.31
140.5, -139.57
140.6, -140.03
140.8, -139.54
140.9, -138.73
141.0, -138.57
141.1, -139.01
141.2, -138.65
141.3, -138.16
141.4, -137.67
141.5, -137.68
141.7, -138.80
141.8, -139.77
141.9, -139.33
142.0, -138.55
142.1, -137.92
142.2, -137.53
142.3, -137.13
142.4, -136.74
142.5, -136.65
142.7, -136.16
142.8, -136.45
142.9, -137.09
143.0, -137.63
143.1, -137.51
143.2, -137.46
143.3, -137.49
143.4, -137.11
143.5, -137.06
143.7, -137.27
143.8, -136.68
143.9, -136.65
144.0, -136.26
144.1, -135.98
144.2, -136.43
144.3, -135.73
144.4, -135.17
144.5, -135.08
144.7, -135.23
144.8, -134.94
144.9, -134.76
145.0, -133.89
145.1, -133.73
145.2, -134.47
145.3, -135.08
145.4, -134.95
145.5, -134.50
145.7, -134.31
145.8, -134.77
145.9, -134.51
146.0, -133.96
146.1, -133.95
146.2, -134.74
146.3, -134.83
146.4, -134.30
146.5, -133.98
146.7, -134.03
146.8, -134.54
146.9, -134.61
147.0, -134.26
147.1, -133.73
147.2, -133.65
147.3, -133.86
147.4, -133.31
147.5, -133.37
147.7, -133.04
147.8, -133.04
147.9, -132.41
148.0, -132.76
148.1, -133.03
148.2, -132.82
148.3, -132.39
148.4, -131.83
148.5, -131.74
148.7, -132.35
148.8, -131.85
148.9, -131.60
149.0, -131.08
149.1, -130.40
149.2, -130.09
149.3, -130.52
149.4, -131.42
149.5, -132.10
149.7, -131.78
149.8, -131.14
149.9, -131.13
150.0, -131.35
150.1, -131.41
150.2, -131.48
150.3, -131.62
150.4, -131.19
150.5, -130.64
150.7, -130.41
150.8, -130.18
150.9, -130.23
151.0, -129.66
151.1, -129.62
151.2, -125.62
151.3, -126.18
151.4, -129.32
151.5, -129.19
151.7, -129.68
151.8, -129.98
151.9, -129.97
152.0, -128.74
152.1, -128.21
152.2, -127.90
152.3, -128.38
152.4, -128.57
152.5, -128.52
152.7, -128.52
152.8, -128.82
152.9, -129.35
153.0, -129.40
153.1, -128.86
153.2, -124.84
153.3, -125.47
153.4, -128.85
153.5, -128.57
153.7, -128.27
153.8, -127.68
153.9, -127.47
154.0, -127.57
154.1, -127.39
154.2, -127.86
154.3, -128.60
154.4, -128.94
154.5, -128.93
154.7, -128.88
154.8, -129.06
154.9, -128.60
155.0, -127.57
155.1, -127.78
155.2, -128.38
155.3, -128.18
155.4, -127.53
155.5, -127.15
155.7, -127.32
155.8, -127.09
155.9, -127.41
156.0, -127.04
156.1, -126.07
156.2, -125.59
156.3, -125.64
156.4, -125.57
156.5, -125.14
156.7, -125.51
156.8, -125.53
156.9, -125.24
157.0, -125.30
157.1, -125.93
157.2, -126.28
157.3, -126.53
157.4, -126.85
157.5, -126.39
157.7, -126.05
157.8, -125.52
157.9, -125.39
158.0, -125.69
158.1, -125.58
158.2, -125.41
158.3, -125.72
158.4, -125.69
158.5, -125.61
158.7, -125.71
158.8, -125.62
158.9, -125.35
159.0, -124.75
159.1, -125.14
159.2, -125.27
159.3, -125.01
159.4, -124.21
159.5, -124.22
159.7, -125.09
159.8, -125.44
159.9, -124.83
160.0, -124.36
160.1, -124.25
160.2, -124.20
160.3, -124.41
160.4, -124.50
160.6, -124.34
160.7, -124.34
160.8, -124.50
160.9, -124.74
161.0, -124.68
161.1, -124.36
161.2, -123.97
161.3, -123.88
161.4, -123.90
161.6, -123.73
161.7, -124.03
161.8, -124.01
161.9, -123.97
162.0, -124.09
162.1, -123.82
162.2, -123.39
162.3, -122.57
162.4, -122.85
162.6, -122.79
162.7, -122.50
162.8, -122.14
162.9, -122.08
163.0, -122.42
163.1, -122.64
163.2, -123.24
163.3, -123.34
163.4, -123.39
163.6, -123.68
163.7, -123.76
163.8, -123.43
163.9, -123.28
164.0, -123.06
164.1, -122.94
164.2, -122.34
164.3, -121.91
164.4, -122.45
164.6, -123.49
164.7, -123.65
164.8, -123.17
164.9, -122.93
165.0, -122.39
165.1, -122.09
165.2, -122.43
165.3, -121.78
165.4, -121.59
165.6, -121.54
165.7, -121.57
165.8, -121.52
165.9, -121.04
166.0, -121.18
166.1, -121.62
166.2, -122.03
166.3, -122.47
166.4, -122.78
166.6, -122.57
166.7, -122.30
166.8, -122.40
166.9, -122.27
167.0, -122.33
167.1, -121.68
167.2, -121.80
167.3, -121.89
167.4, -121.65
167.6, -121.71
167.7, -122.30
167.8, -122.39
167.9, -122.11
168.0, -121.91
168.1, -122.27
168.2, -122.81
168.3, -123.42
168.4, -123.29
168.6, -123.61
168.7, -123.12
168.8, -122.29
168.9, -121.58
169.0, -121.35
169.1, -121.61
169.2, -121.69
169.3, -120.32
169.4, -120.29
169.6, -120.57
169.7, -121.06
169.8, -121.75
169.9, -122.08
170.0, -122.41
170.1, -122.67
170.2, -122.57
170.3, -122.94
170.4, -123.15
170.6, -123.10
170.7, -123.24
170.8, -123.05
170.9, -122.87
171.0, -122.51
171.1, -122.16
171.2, -122.09
171.3, -121.86
171.4, -121.93
171.6, -122.45
171.7, -122.73
171.8, -122.35
171.9, -122.12
172.0, -121.58
172.1, -121.08
172.2, -121.37
172.3, -122.13
172.4, -122.00
172.6, -121.57
172.7, -121.77
172.8, -121.63
172.9, -121.73
173.0, -121.00
173.1, -120.13
173.2, -120.50
173.3, -121.59
173.4, -122.10
173.6, -122.14
173.7, -122.11
173.8, -121.79
173.9, -122.12
174.0, -122.71
174.1, -122.94
174.2, -122.53
174.3, -121.71
174.4, -121.38
174.6, -121.15
174.7, -120.66
174.8, -120.90
174.9, -121.31
175.0, -121.13
175.1, -121.39
175.2, -121.54
175.3, -121.57
175.4, -121.68
175.6, -121.59
175.7, -121.50
175.8, -120.51
175.9, -120.01
176.0, -120.13
176.1, -120.69
176.2, -121.02
176.3, -120.74
176.4, -121.33
176.6, -121.41
176.7, -121.00
176.8, -121.07
176.9, -120.97
177.0, -121.21
177.1, -121.68
177.2, -121.89
177.3, -121.74
177.4, -121.33
177.6, -121.63
177.7, -121.56
177.8, -122.20
177.9, -122.25
178.0, -122.29
178.1, -122.21
178.2, -122.51
178.3, -121.98
178.4, -121.99
178.6, -122.24
178.7, -122.27
178.8, -121.60
178.9, -121.77
179.0, -121.59
179.1, -121.26
179.2, -121.42
179.3, -121.49
179.4, -121.76
179.6, -121.34
179.7, -120.56
179.8, -121.31
179.9, -122.31
180.0, -122.47
180.1, -122.15
180.2, -122.11
180.3, -121.83
180.5, -121.35
180.6, -120.96
180.7, -121.21
180.8, -121.20
180.9, -121.05
181.0, -122.13
181.1, -122.71
181.2, -122.43
181.3, -121.71
181.5, -121.47
181.6, -122.03
181.7, -122.74
181.8, -122.66
181.9, -122.64
182.0, -122.76
182.1, -122.56
182.2, -122.23
182.3, -121.45
182.5, -121.74
182.6, -122.07
182.7, -122.36
182.8, -122.22
182.9, -122.40
183.0, -123.00
183.1, -122.93
183.2, -122.91
183.3, -123.02
183.5, -123.21
183.6, -122.90
183.7, -122.86
183.8, -123.05
183.9, -123.71
184.0, -123.57
184.1, -122.80
184.2, -122.49
184.3, -122.87
184.5, -122.59
184.6, -122.41
184.7, -122.74
184.8, -122.91
184.9, -122.73
185.0, -122.55
185.1, -122.99
185.2, -122.84
185.3, -122.81
185.5, -123.30
185.6, -123.53
185.7, -123.16
185.8, -122.61
185.9, -122.76
186.0, -122.91
186.1, -122.75
186.2, -123.09
186.3, -123.03
186.5, -123.24
186.6, -123.48
186.7, -123.59
186.8, -123.72
186.9, -123.60
187.0, -123.76
187.1, -123.30
187.2, -122.88
187.3, -123.25
187.5, -123.73
187.6, -123.72
187.7, -123.22
187.8, -123.34
187.9, -123.76
188.0, -123.27
188.1, -123.52
188.2, -123.74
188.3, -123.77
188.5, -123.54
188.6, -123.56
188.7, -123.94
188.8, -123.89
188.9, -124.26
189.0, -124.10
189.1, -124.65
189.2, -124.70
189.3, -124.22
189.5, -123.85
189.6, -123.26
189.7, -122.94
189.8, -123.46
189.9, -123.60
190.0, -123.43
190.1, -123.73
190.2, -123.70
190.3, -124.05
190.5, -124.53
190.6, -124.83
190.7, -124.94
190.8, -124.69
190.9, -123.95
191.0, -124.12
191.1, -124.00
191.2, -123.95
191.3, -123.41
191.5, -123.04
191.6, -122.81
191.7, -122.44
191.8, -123.55
191.9, -124.35
192.0, -124.24
192.1, -124.51
192.2, -124.77
192.3, -125.31
192.5, -124.79
192.6, -124.34
192.7, -124.43
192.8, -124.25
192.9, -124.20
193.0, -123.83
193.1, -123.74
193.2, -124.12
193.3, -124.59
193.5, -125.16
193.6, -125.64
193.7, -125.59
193.8, -125.78
193.9, -125.91
194.0, -125.81
194.1, -125.25
194.2, -124.81
194.3, -125.17
194.5, -124.84
194.6, -124.47
194.7, -124.92
194.8, -125.17
194.9, -125.05
195.0, -125.01
195.1, -125.14
195.2, -124.87
195.3, -124.64
195.5, -124.92
195.6, -124.92
195.7, -124.72
195.8, -124.68
195.9, -124.71
196.0, -124.65
196.1, -124.67
196.2, -125.08
196.3, -125.32
196.5, -125.66
196.6, -125.76
196.7, -126.10
196.8, -129.48
196.9, -130.30
197.0, -125.84
197.1, -126.14
197.2, -126.31
197.3, -126.51
197.5, -126.60
197.6, -126.88
197.7, -126.92
197.8, -127.16
197.9, -127.12
198.0, -127.25
198.1, -127.05
198.2, -127.03
198.3, -126.39
198.5, -127.41
198.6, -128.18
198.7, -128.35
198.8, -127.54
198.9, -127.54
199.0, -127.10
199.1, -126.15
199.2, -126.02
199.4, -126.59
199.5, -127.40
199.6, -127.65
199.7, -127.58
199.8, -127.51
199.9, -127.55
200.0, -128.04
200.1, -128.16
200.2, -127.95
200.4, -127.44
200.5, -124.52
200.6, -123.33
200.7, -127.39
200.8, -127.08
200.9, -127.43
201.0, -127.35
201.1, -127.87
201.2, -127.98
201.4, -128.10
201.5, -128.09
201.6, -127.65
201.7, -127.89
201.8, -130.54
201.9, -131.79
202.0, -127.77
202.1, -125.44
202.2, -124.74
202.4, -129.07
202.5, -128.43
202.6, -127.82
202.7, -127.69
202.8, -127.78
202.9, -127.81
203.0, -127.63
203.1, -128.00
203.2, -127.92
203.4, -128.45
203.5, -129.26
203.6, -129.45
203.7, -129.50
203.8, -129.13
203.9, -129.13
204.0, -128.88
204.1, -126.26
204.2, -125.08
204.4, -129.39
204.5, -129.39
204.6, -128.92
204.7, -129.19
204.8, -129.38
204.9, -129.81
205.0, -129.37
205.1, -128.93
205.2, -128.48
205.4, -128.66
205.5, -129.05
205.6, -129.38
205.7, -129.98
205.8, -130.19
205.9, -129.42
206.0, -129.25
206.1, -128.80
206.2, -129.19
206.4, -129.62
206.5, -129.53
206.6, -129.33
206.7, -129.23
206.8, -129.98
206.9, -129.64
207.0, -129.56
207.1, -128.93
207.2, -128.56
207.4, -128.68
207.5, -129.45
207.6, -129.88
207.7, -130.33
207.8, -130.15
207.9, -129.62
208.0, -130.18
208.1, -130.36
208.2, -130.79
208.4, -130.40
208.5, -130.28
208.6, -130.50
208.7, -130.24
208.8, -130.07
208.9, -129.99
209.0, -130.66
209.1, -129.79
209.2, -128.85
209.4, -128.79
209.5, -128.94
209.6, -129.60
209.7, -129.85
209.8, -129.95
209.9, -130.27
210.0, -130.56
210.1, -137.51
210.2, -130.69
210.4, -131.49
210.5, -131.48
210.6, -130.87
210.7, -130.82
210.8, -131.25
210.9, -130.98
211.0, -130.72
211.1, -131.25
211.2, -131.27
211.4, -131.38
211.5, -131.18
211.6, -130.86
211.7, -130.69
211.8, -130.23
211.9, -129.84
212.0, -130.32
212.1, -130.79
212.2, -131.05
212.4, -130.96
212.5, -130.97
212.6, -130.98
212.7, -130.84
212.8, -130.55
212.9, -130.45
213.0, -130.82
213.1, -131.76
213.2, -131.72
213.4, -131.70
213.5, -132.11
213.6, -132.08
213.7, -131.97
213.8, -131.43
213.9, -130.99
214.0, -130.78
214.1, -130.92
214.2, -131.41
214.4, -132.45
214.5, -139.82
214.6, -132.88
214.7, -132.54
214.8, -131.42
214.9, -130.95
215.0, -131.92
215.1, -132.48
215.2, -132.40
215.4, -131.75
215.5, -132.08
215.6, -132.86
215.7, -132.46
215.8, -131.87
215.9, -132.26
216.0, -132.40
216.1, -132.01
216.2, -132.68
216.4, -133.13
216.5, -133.14
216.6, -132.89
216.7, -133.10
216.8, -140.13
216.9, -132.89
217.0, -133.09
217.1, -132.72
217.2, -132.45
217.4, -132.06
217.5, -132.43
217.6, -132.84
217.7, -132.96
217.8, -133.42
217.9, -133.51
218.0, -132.70
218.1, -139.32
218.3, -132.57
218.4, -133.04
218.5, -133.33
218.6, -133.30
218.7, -132.69
218.8, -132.85
218.9, -132.82
219.0, -132.25
219.1, -132.26
219.3, -132.90
219.4, -133.14
219.5, -132.98
219.6, -132.98
219.7, -132.63
219.8, -132.71
219.9, -133.46
220.0, -133.81
220.1, -133.27
220.3, -133.53
220.4, -133.90
220.5, -133.59
220.6, -133.36
220.7, -133.29
220.8, -134.54
220.9, -134.86
221.0, -134.09
221.1, -133.32
221.3, -133.15
221.4, -133.04
221.5, -126.08
221.6, -132.49
221.7, -132.13
221.8, -132.26
221.9, -132.67
222.0, -133.09
222.1, -133.66
222.3, -133.79
222.4, -133.52
222.5, -134.10
222.6, -134.18
222.7, -133.53
222.8, -133.08
222.9, -132.90
223.0, -132.74
223.1, -132.60
223.3, -132.49
223.4, -132.95
223.5, -132.96
223.6, -133.67
223.7, -134.31
223.8, -134.17
223.9, -134.09
224.0, -134.37
224.1, -127.46
224.3, -134.69
224.4, -134.71
224.5, -134.46
224.6, -134.49
224.7, -134.59
224.8, -127.09
224.9, -133.85
225.0, -134.00
225.1, -134.33
225.3, -134.07
225.4, -134.21
225.5, -135.10
225.6, -135.72
225.7, -135.58
225.8, -135.06
225.9, -134.44
226.0, -134.18
226.1, -133.99
226.3, -134.34
226.4, -134.55
226.5, -134.21
226.6, -133.54
226.7, -134.26
226.8, -141.81
226.9, -134.63
227.0, -134.36
227.1, -134.48
227.3, -134.60
227.4, -134.96
227.5, -142.04
227.6, -134.63
227.7, -135.32
227.8, -135.58
227.9, -135.61
228.0, -135.56
228.1, -135.16
228.3, -135.09
228.4, -134.92
228.5, -134.70
228.6, -134.21
228.7, -134.98
228.8, -135.23
228.9, -135.18
229.0, -135.24
229.1, -135.01
229.3, -134.86
229.4, -134.14
229.5, -127.45
229.6, -135.08
229.7, -135.31
229.8, -134.91
229.9, -134.21
230.0, -134.31
230.1, -134.43
230.3, -135.10
230.4, -135.34
230.5, -135.65
230.6, -134.77
230.7, -134.28
230.8, -134.47
230.9, -134.98
231.0, -134.23
231.1, -133.49
231.3, -133.67
231.4, -134.60
231.5, -135.75
231.6, -135.97
231.7, -135.60
231.8, -135.45
231.9, -134.95
232.0, -134.48
232.1, -135.40
232.3, -135.55
232.4, -134.99
232.5, -134.66
232.6, -135.28
232.7, -136.18
232.8, -136.01
232.9, -135.77
233.0, -135.19
233.1, -128.13
233.3, -135.50
233.4, -135.96
233.5, -136.06
233.6, -135.83
233.7, -136.45
233.8, -136.73
233.9, -136.35
234.0, -136.79
234.1, -136.50
234.3, -136.05
234.4, -135.46
234.5, -135.84
234.6, -136.49
234.7, -136.50
234.8, -136.54
234.9, -136.52
235.0, -136.30
235.1, -136.33
235.3, -136.37
235.4, -136.35
235.5, -135.58
235.6, -134.90
235.7, -135.26
235.8, -136.01
235.9, -136.62
236.0, -137.01
236.1, -136.65
236.3, -136.12
236.4, -135.05
236.5, -135.32
236.6, -136.12
236.7, -136.97
236.8, -136.97
236.9, -137.09
237.0, -137.45
237.2, -137.52
237.3, -136.92
237.4, -137.15
237.5, -137.16
237.6, -136.66
237.7, -136.78
237.8, -137.22
237.9, -136.83
238.0, -136.18
238.2, -136.52
238.3, -136.62
238.4, -136.06
238.5, -136.34
238.6, -136.78
238.7, -136.41
238.8, -136.26
238.9, -136.20
239.0, -136.41
239.2, -136.54
239.3, -137.18
239.4, -137.31
239.5, -137.15
239.6, -136.88
239.7, -136.69
239.8, -136.39
239.9, -136.76
240.0, -136.71
240.2, -136.06
240.3, -135.86
240.4, -136.09
240.5, -136.31
240.6, -136.84
240.7, -137.83
240.8, -137.94
240.9, -137.25
241.0, -137.02
241.2, -136.80
241.3, -136.33
241.4, -136.77
241.5, -136.83
241.6, -137.04
241.7, -137.05
241.8, -137.35
241.9, -137.13
242.0, -136.54
242.2, -136.23
242.3, -135.48
242.4, -135.59
242.5, -136.20
242.6, -135.64
242.7, -135.66
242.8, -135.90
242.9, -136.24
243.0, -137.00
243.2, -136.99
243.3, -136.76
243.4, -137.17
243.5, -137.16
243.6, -137.54
243.7, -136.81
243.8, -136.22
243.9, -136.68
244.0, -137.06
244.2, -137.41
244.3, -137.42
244.4, -137.37
244.5, -136.61
244.6, -134.17
244.7, -132.02
244.8, -137.31
244.9, -135.03
245.0, -132.16
245.2, -136.48
245.3, -136.35
245.4, -136.96
245.5, -137.05
245.6, -135.43
245.7, -133.18
245.8, -138.27
245.9, -137.83
246.0, -137.84
246.2, -138.00
246.3, -137.57
246.4, -137.34
246.5, -137.06
246.6, -137.16
246.7, -137.75
246.8, -137.43
246.9, -137.70
247.0, -138.14
247.2, -137.57
247.3, -136.92
247.4, -136.35
247.5, -136.89
247.6, -137.51
247.7, -137.11
247.8, -129.59
247.9, -137.23
248.0, -137.97
248.2, -137.95
248.3, -138.05
248.4, -138.03
248.5, -137.78
248.6, -137.68
248.7, -137.61
248.8, -137.09
248.9, -136.56
249.0, -136.44
249.2, -136.70
249.3, -135.07
249.4, -132.42
249.5, -137.77
249.6, -137.93
249.7, -137.83
249.8, -137.97
249.9, -139.90
250.0, -142.78
250.2, -137.62
250.3, -138.65
250.4, -138.53
250.5, -138.09
250.6, -137.17
250.7, -137.01
250.8, -137.16
250.9, -137.82
251.0, -137.34
251.2, -137.57
251.3, -138.33
251.4, -138.53
251.5, -138.76
251.6, -136.10
251.7, -133.57
251.8, -138.58
251.9, -138.08
252.0, -137.52
252.2, -137.87
252.3, -138.41
252.4, -138.12
252.5, -138.77
252.6, -138.18
252.7, -138.24
252.8, -138.32
252.9, -137.95
253.0, -137.55
253.2, -137.80
253.3, -138.28
253.4, -138.69
253.5, -138.41
253.6, -138.38
253.7, -138.68
253.8, -138.54
253.9, -138.25
254.0, -139.07
254.2, -139.02
254.3, -138.17
254.4, -138.37
254.5, -138.48
254.6, -138.18
254.7, -137.41
254.8, -137.36
254.9, -137.22
255.0, -137.43
255.2, -137.22
255.3, -137.72
255.4, -137.90
255.5, -138.20
255.6, -139.08
255.7, -138.53
255.8, -138.05
255.9, -137.77
256.1, -137.49
256.2, -137.19
256.3, -137.34
256.4, -137.67
256.5, -138.08
256.6, -138.00
256.7, -137.68
256.8, -137.54
256.9, -137.21
257.1, -137.44
257.2, -137.58
257.3, -137.36
257.4, -137.22
257.5, -137.42
257.6, -138.08
257.7, -138.28
257.8, -138.46
257.9, -140.55
258.1, -143.39
258.2, -137.89
258.3, -137.66
258.4, -137.87
258.5, -138.15
258.6, -136.48
258.7, -133.37
258.8, -138.17
258.9, -137.60
259.1, -137.32
259.2, -144.30
259.3, -137.60
259.4, -138.05
259.5, -138.14
259.6, -137.99
259.7, -138.19
259.8, -137.88
259.9, -138.51
260.1, -138.53
260.2, -138.20
260.3, -137.86
260.4, -137.98
260.5, -137.71
260.6, -138.54
260.7, -139.14
260.8, -145.89
260.9, -140.12
261.1, -143.08
261.2, -137.57
261.3, -137.54
261.4, -137.32
261.5, -137.36
261.6, -137.47
261.7, -138.08
261.8, -138.55
261.9, -138.09
262.1, -138.22
262.2, -138.01
262.3, -137.41
262.4, -137.57
262.5, -137.10
262.6, -137.25
262.7, -136.90
262.8, -137.24
262.9, -135.98
263.1, -133.01
263.2, -137.89
263.3, -137.61
263.4, -137.25
263.5, -137.19
263.6, -136.99
263.7, -137.02
263.8, -137.12
263.9, -137.59
264.1, -138.26
264.2, -138.43
264.3, -138.37
264.4, -138.07
264.5, -138.02
264.6, -138.18
264.7, -138.62
264.8, -138.14
264.9, -138.38
265.1, -138.25
265.2, -138.21
265.3, -137.81
265.4, -137.71
265.5, -137.65
265.6, -139.69
265.7, -143.56
265.8, -138.46
265.9, -138.44
266.1, -139.03
266.2, -139.20
266.3, -138.62
266.4, -138.79
266.5, -137.84
266.6, -137.25
266.7, -137.90
266.8, -137.72
266.9, -137.36
267.1, -137.18
267.2, -137.33
267.3, -137.88
267.4, -138.24
267.5, -138.41
267.6, -137.18
267.7, -136.90
267.8, -137.02
267.9, -137.97
268.1, -138.03
268.2, -137.57
268.3, -139.28
268.4, -142.67
268.5, -137.53
268.6, -135.81
268.7, -132.62
268.8, -137.57
268.9, -137.69
269.1, -137.97
269.2, -138.18
269.3, -137.99
269.4, -138.12
269.5, -138.64
269.6, -140.31
269.7, -143.00
269.8, -137.07
269.9, -137.68
270.1, -137.54
270.2, -136.56
270.3, -137.15
270.4, -138.03
270.5, -138.12
270.6, -139.35
270.7, -142.93
270.8, -138.11
270.9, -138.30
271.1, -138.65
271.2, -138.81
271.3, -138.07
271.4, -137.85
271.5, -137.95
271.6, -137.95
271.7, -137.90
271.8, -137.80
271.9, -137.37
272.1, -136.97
272.2, -137.64
272.3, -137.95
272.4, -137.69
272.5, -137.81
272.6, -137.82
272.7, -137.18
272.8, -136.24
272.9, -136.41
273.1, -137.05
273.2, -137.25
273.3, -136.82
273.4, -136.27
273.5, -135.67
273.6, -136.25
273.7, -135.90
273.8, -136.41
273.9, -137.38
274.1, -137.30
274.2, -137.14
274.3, -136.74
274.4, -136.69
274.5, -137.28
274.6, -137.88
274.7, -137.93
274.8, -137.61
275.0, -137.25
275.1, -137.08
275.2, -136.61
275.3, -136.91
275.4, -136.85
275.5, -136.92
275.6, -137.04
275.7, -136.37
275.8, -136.92
276.0, -137.41
276.1, -136.89
276.2, -136.32
276.3, -136.38
276.4, -136.26
276.5, -135.62
276.6, -136.07
276.7, -136.47
276.8, -136.33
277.0, -136.82
277.1, -137.38
277.2, -137.51
277.3, -136.79
277.4, -136.86
277.5, -136.93
277.6, -136.88
277.7, -136.56
277.8, -136.20
278.0, -136.67
278.1, -136.40
278.2, -136.75
278.3, -136.93
278.4, -136.64
278.5, -136.18
278.6, -135.79
278.7, -136.02
278.8, -136.30
279.0, -136.01
279.1, -136.07
279.2, -135.85
279.3, -135.66
279.4, -135.91
279.5, -135.91
279.6, -135.52
279.7, -135.70
279.8, -136.05
280.0, -136.05
280.1, -136.54
280.2, -136.79
280.3, -136.78
280.4, -136.97
280.5, -136.48
280.6, -136.13
280.7, -135.81
280.8, -136.35
281.0, -136.91
281.1, -136.00
281.2, -135.73
281.3, -136.20
281.4, -136.43
281.5, -136.35
281.6, -136.34
281.7, -135.55
281.8, -136.09
282.0, -136.45
282.1, -136.41
282.2, -135.97
282.3, -136.19
282.4, -136.11
282.5, -135.53
282.6, -135.28
282.7, -135.33
282.8, -135.79
283.0, -136.09
283.1, -135.74
283.2, -135.62
283.3, -135.76
283.4, -135.46
283.5, -135.85
283.6, -135.80
283.7, -135.97
283.8, -135.77
284.0, -135.73
284.1, -135.49
284.2, -135.65
284.3, -135.57
284.4, -135.80
284.5, -135.54
284.6, -135.83
284.7, -136.23
284.8, -136.44
285.0, -136.15
285.1, -135.96
285.2, -136.40
285.3, -136.19
285.4, -136.66
285.5, -136.61
285.6, -136.15
285.7, -136.04
285.8, -135.71
286.0, -135.77
286.1, -135.87
286.2, -136.20
286.3, -136.23
286.4, -136.16
286.5, -136.08
286.6, -135.76
286.7, -135.88
286.8, -135.73
287.0, -135.85
287.1, -136.09
287.2, -135.50
287.3, -135.52
287.4, -135.51
287.5, -136.19
287.6, -136.07
287.7, -136.56
287.8, -136.34
288.0, -135.48
288.1, -135.62
288.2, -135.50
288.3, -135.32
288.4, -134.95
288.5, -134.92
288.6, -134.92
288.7, -135.50
288.8, -135.53
289.0, -135.46
289.1, -134.67
289.2, -134.56
289.3, -134.17
289.4, -134.59
289.5, -134.67
289.6, -134.52
289.7, -134.89
289.8, -135.45
290.0, -135.48
290.1, -135.16
290.2, -135.00
290.3, -135.53
290.4, -135.08
290.5, -134.43
290.6, -134.91
290.7, -135.48
290.8, -135.41
291.0, -135.49
291.1, -135.03
291.2, -134.37
291.3, -134.10
291.4, -134.10
291.5, -134.12
291.6, -134.76
291.7, -134.83
291.8, -134.91
292.0, -134.25
292.1, -134.01
292.2, -133.97
292.3, -134.44
292.4, -134.75
292.5, -135.03
292.6, -134.72
292.7, -135.10
292.8, -134.74
293.0, -134.19
293.1, -134.05
293.2, -133.87
293.3, -133.77
293.4, -133.59
293.5, -134.04
293.6, -134.59
293.7, -134.81
293.9, -134.87
294.0, -134.84
294.1, -134.71
294.2, -134.44
294.3, -134.39
294.4, -134.46
294.5, -134.31
294.6, -134.29
294.7, -133.88
294.9, -133.34
295.0, -133.92
295.1, -134.24
295.2, -134.37
295.3, -134.26
295.4, -133.98
295.5, -133.66
295.6, -133.51
295.7, -133.77
295.9, -133.79
296.0, -134.18
296.1, -134.38
296.2, -134.64
296.3, -134.97
296.4, -133.58
296.5, -133.43
296.6, -133.53
296.7, -133.50
296.9, -133.05
297.0, -133.85
297.1, -133.92
297.2, -133.95
297.3, -134.20
297.4, -134.16
297.5, -134.34
297.6, -133.89
297.7, -133.58
297.9, -133.85
298.0, -133.92
298.1, -134.30
298.2, -134.13
298.3, -133.37
298.4, -133.61
298.5, -134.22
298.6, -134.38
298.7, -134.00
298.9, -133.84
299.0, -133.95
299.1, -134.05
299.2, -133.92
299.3, -133.50
299.4, -134.05
299.5, -134.40
299.6, -133.95
299.7, -133.51
299.9, -133.20
300.0, -133.77
300.1, -133.74
300.2, -133.75
300.3, -133.61
300.4, -133.34
300.5, -133.68
300.6, -134.22
300.7, -133.64
300.9, -133.83
301.0, -133.95
301.1, -134.19
301.2, -133.65
301.3, -133.01
301.4, -132.87
301.5, -133.46
301.6, -134.24
301.7, -134.54
301.9, -133.91
302.0, -133.25
302.1, -133.56
302.2, -133.30
302.3, -133.67
302.4, -132.97
302.5, -132.91
302.6, -133.77
302.7, -133.51
302.9, -133.48
303.0, -133.14
303.1, -133.19
303.2, -133.32
303.3, -132.43
303.4, -133.05
303.5, -133.62
303.6, -133.61
303.7, -133.54
303.9, -133.50
304.0, -133.93
304.1, -134.41
304.2, -134.47
304.3, -133.91
304.4, -134.11
304.5, -133.92
304.6, -133.87
304.7, -133.53
304.9, -133.11
305.0, -132.89
305.1, -133.84
305.2, -133.79
305.3, -133.22
305.4, -132.95
305.5, -133.35
305.6, -133.27
305.7, -133.27
305.9, -133.23
306.0, -132.89
306.1, -132.19
306.2, -132.10
306.3, -132.55
306.4, -132.58
306.5, -132.48
306.6, -132.36
306.7, -132.36
306.9, -132.19
307.0, -131.38
307.1, -131.52
307.2, -132.26
307.3, -133.01
307.4, -132.92
307.5, -132.16
307.6, -131.64
307.7, -131.82
307.9, -132.34
308.0, -132.47
308.1, -132.39
308.2, -132.11
308.3, -132.51
308.4, -132.51
308.5, -132.48
308.6, -131.90
308.7, -131.95
308.9, -131.97
309.0, -131.88
309.1, -132.09
309.2, -131.79
309.3, -131.78
309.4, -131.36
309.5, -131.39
309.6, -132.03
309.7, -132.21
309.9, -131.59
310.0, -131.45
310.1, -131.58
310.2, -131.43
310.3, -131.42
310.4, -132.03
310.5, -131.75
310.6, -131.38
310.7, -131.97
310.9, -131.96
311.0, -132.10
311.1, -132.29
311.2, -132.54
311.3, -132.62
311.4, -131.84
311.5, -131.40
311.6, -131.31
311.7, -132.15
311.9, -132.25
312.0, -131.69
312.1, -131.85
312.2, -131.61
312.3, -131.25
312.4, -131.88
312.5, -131.72
312.6, -130.88
312.8, -131.10
312.9, -131.00
313.0, -131.96
313.1, -132.59
313.2, -132.24
313.3, -131.49
313.4, -131.02
313.5, -130.79
313.6, -131.06
313.8, -131.07
313.9, -131.04
314.0, -130.26
314.1, -129.98
314.2, -130.22
314.3, -130.38
314.4, -130.52
314.5, -130.69
314.6, -130.68
314.8, -130.37
314.9, -130.78
315.0, -131.47
315.1, -131.57
315.2, -131.65
315.3, -132.37
315.4, -132.17
315.5, -131.94
315.6, -132.31
315.8, -131.70
315.9, -131.08
316.0, -131.09
316.1, -131.04
316.2, -130.98
316.3, -131.07
316.4, -130.73
316.5, -131.20
316.6, -131.44
316.8, -131.70
316.9, -131.21
317.0, -131.72
317.1, -131.00
317.2, -130.82
317.3, -131.28
317.4, -131.21
317.5, -130.60
317.6, -130.37
317.8, -131.11
317.9, -130.88
318.0, -130.91
318.1, -131.38
318.2, -131.67
318.3, -131.32
318.4, -131.68
318.5, -130.86
318.6, -130.56
318.8, -130.50
318.9, -130.31
319.0, -129.39
319.1, -129.62
319.2, -129.44
319.3, -129.30
319.4, -129.18
319.5, -129.85
319.6, -130.47
319.8, -130.74
319.9, -130.52
320.0, -130.88
320.1, -130.87
320.2, -131.04
320.3, -130.89
320.4, -130.58
320.5, -130.36
320.6, -130.24
320.8, -129.62
320.9, -130.16
321.0, -130.00
321.1, -130.01
321.2, -130.28
321.3, -131.06
321.4, -131.51
321.5, -131.83
321.6, -131.23
321.8, -130.47
321.9, -129.82
322.0, -128.75
322.1, -128.73
322.2, -129.43
322.3, -128.69
322.4, -129.02
322.5, -129.49
322.6, -129.91
322.8, -129.71
322.9, -129.72
323.0, -129.53
323.1, -129.53
323.2, -129.41
323.3, -129.97
323.4, -130.01
323.5, -129.39
323.6, -128.41
323.8, -128.33
323.9, -128.85
324.0, -128.99
324.1, -129.24
324.2, -129.46
324.3, -130.04
324.4, -129.21
324.5, -128.57
324.6, -128.46
324.8, -129.02
324.9, -129.15
325.0, -129.41
325.1, -129.43
325.2, -128.85
325.3, -128.06
325.4, -127.92
325.5, -128.00
325.6, -128.58
325.8, -129.10
325.9, -128.99
326.0, -129.16
326.1, -129.53
326.2, -129.72
326.3, -129.57
326.4, -129.42
326.5, -129.64
326.6, -129.32
326.8, -129.02
326.9, -128.65
327.0, -129.26
327.1, -129.45
327.2, -129.39
327.3, -128.35
327.4, -127.78
327.5, -127.97
327.6, -128.09
327.8, -128.05
327.9, -128.24
328.0, -128.47
328.1, -128.19
328.2, -128.83
328.3, -127.80
328.4, -127.23
328.5, -127.95
328.6, -127.73
328.8, -127.92
328.9, -127.53
329.0, -127.71
329.1, -127.57
329.2, -127.96
329.3, -127.62
329.4, -127.22
329.5, -127.00
329.6, -127.51
329.8, -128.12
329.9, -128.65
330.0, -127.59
330.1, -128.10
330.2, -128.51
330.3, -128.55
330.4, -127.87
330.5, -127.45
330.6, -127.65
330.8, -127.38
330.9, -127.54
331.0, -127.79
331.1, -127.92
331.2, -128.32
331.3, -128.39
331.4, -128.32
331.5, -128.50
331.7, -128.33
331.8, -127.77
331.9, -127.91
332.0, -127.82
332.1, -127.78
332.2, -127.65
332.3, -127.19
332.4, -127.01
332.5, -126.81
332.7, -126.98
332.8, -127.20
332.9, -127.31
333.0, -127.73
333.1, -127.80
333.2, -127.31
333.3, -127.72
333.4, -127.16
333.5, -127.26
333.7, -127.36
333.8, -127.33
333.9, -127.37
334.0, -127.34
334.1, -126.78
334.2, -126.32
334.3, -126.87
334.4, -126.70
334.5, -127.15
334.7, -127.44
334.8, -127.08
334.9, -126.68
335.0, -126.80
335.1, -126.65
335.2, -126.82
335.3, -127.25
335.4, -127.26
335.5, -126.79
335.7, -126.41
335.8, -126.79
335.9, -126.57
336.0, -126.83
336.1, -127.06
336.2, -127.14
336.3, -127.37
336.4, -127.34
336.5, -127.30
336.7, -127.10
336.8, -127.27
336.9, -127.35
337.0, -126.91
337.1, -126.25
337.2, -126.20
337.3, -126.48
337.4, -126.55
337.5, -126.06
337.7, -126.22
337.8, -126.31
337.9, -126.26
338.0, -126.57
338.1, -126.96
338.2, -126.59
338.3, -126.79
338.4, -125.81
338.5, -125.84
338.7, -125.49
338.8, -125.83
338.9, -125.86
339.0, -125.82
339.1, -125.87
339.2, -125.19
339.3, -125.71
339.4, -125.69
339.5, -125.28
339.7, -125.25
339.8, -125.17
339.9, -125.99
340.0, -125.61
340.1, -124.81
340.2, -124.03
340.3, -124.74
340.4, -125.15
340.5, -125.72
340.7, -125.60
340.8, -126.06
340.9, -126.08
341.0, -125.62
341.1, -124.90
341.2, -124.46
341.3, -124.40
341.4, -125.14
341.5, -125.49
341.7, -125.28
341.8, -125.49
341.9, -124.79
342.0, -124.50
342.1, -124.88
342.2, -124.47
342.3, -124.04
342.4, -124.64
342.5, -125.56
342.7, -125.12
342.8, -124.42
342.9, -124.69
343.0, -124.04
343.1, -124.00
343.2, -124.12
343.3, -123.42
343.4, -123.56
343.5, -124.90
343.7, -124.98
343.8, -124.59
343.9, -124.60
344.0, -124.46
344.1, -124.51
344.2, -125.32
344.3, -125.54
344.4, -125.61
344.5, -125.50
344.7, -124.98
344.8, -124.73
344.9, -124.57
345.0, -124.12
345.1, -123.74
345.2, -123.67
345.3, -123.37
345.4, -123.20
345.5, -123.51
345.7, -123.86
345.8, -123.47
345.9, -122.95
346.0, -122.93
346.1, -122.82
346.2, -121.87
346.3, -122.59
346.4, -122.77
346.5, -122.87
346.7, -122.64
346.8, -122.51
346.9, -122.37
347.0, -122.81
347.1, -123.28
347.2, -124.08
347.3, -123.49
347.4, -123.25
347.5, -123.60
347.7, -123.98
347.8, -124.26
347.9, -123.65
348.0, -122.56
348.1, -123.06
348.2, -124.06
348.3, -123.46
348.4, -123.84
348.5, -123.47
348.7, -123.81
348.8, -124.46
348.9, -124.27
349.0, -124.42
349.1, -124.55
349.2, -123.95
349.3, -123.19
349.4, -122.51
349.5, -123.52
349.7, -123.93
349.8, -123.13
349.9, -122.57
350.0, -122.94
350.1, -123.00
350.2, -123.19
350.3, -123.10
350.4, -122.65
350.6, -122.97
350.7, -123.19
350.8, -123.78
350.9, -123.66
351.0, -123.13
351.1, -123.74
351.2, -124.28
351.3, -124.40
351.4, -124.63
351.6, -123.67
351.7, -123.14
351.8, -122.40
351.9, -122.34
352.0, -122.30
352.1, -122.13
352.2, -121.52
352.3, -121.83
352.4, -121.84
352.6, -121.91
352.7, -122.20
352.8, -122.68
352.9, -122.69
353.0, -122.31
353.1, -122.25
353.2, -122.78
353.3, -122.18
353.4, -122.11
353.6, -121.77
353.7, -121.83
353.8, -122.49
353.9, -122.50
354.0, -121.71
354.1, -121.47
354.2, -121.70
354.3, -122.51
354.4, -122.38
354.6, -122.52
354.7, -123.08
354.8, -123.49
354.9, -123.35
355.0, -123.12
355.1, -122.66
355.2, -122.07
355.3, -121.05
355.4, -120.42
355.6, -120.33
355.7, -120.62
355.8, -121.15
355.9, -120.71
356.0, -120.86
356.1, -121.21
356.2, -121.20
356.3, -120.41
356.4, -120.31
356.6, -120.78
356.7, -120.78
356.8, -120.39
356.9, -120.53
357.0, -120.90
357.1, -120.97
357.2, -121.21
357.3, -120.69
357.4, -120.38
357.6, -120.16
357.7, -120.96
357.8, -122.01
357.9, -121.17
358.0, -120.73
358.1, -120.64
358.2, -119.98
358.3, -119.92
358.4, -119.79
358.6, -120.11
358.7, -120.43
358.8, -120.62
358.9, -121.26
359.0, -121.13
359.1, -121.03
359.2, -120.56
359.3, -120.77
359.4, -119.79
359.6, -119.59
359.7, -119.82
359.8, -120.16
359.9, -120.28
